track_id,artist_id,audio_path,text,split,y_genre,y_tags,y_valence,y_arousal,duration_s
deam_2,the_new_mystikal_troubadours,data/raw/deam/audio/2.mp3,Tonight  A Lonely Century by The New Mystikal Troubadours. genre: Blues.,train,-1,[],3.1,3.0,45.0
deam_3,kevin_macleod,data/raw/deam/audio/3.mp3,DD Groove by Kevin MacLeod. genre: Blues.,train,-1,[],3.5,3.3,45.0
deam_4,kevin_macleod,data/raw/deam/audio/4.mp3,Slow Burn by Kevin MacLeod. genre: Blues.,train,-1,[],5.7,5.5,45.0
deam_5,my_bubba_mi,data/raw/deam/audio/5.mp3,Nothing Much by My Bubba & Mi. genre: Blues.,train,-1,[],4.4,5.3,45.0
deam_7,kevin_macleod,data/raw/deam/audio/7.mp3,Hustle by Kevin MacLeod. genre: Blues.,train,-1,[],5.8,6.4,45.0
deam_8,kevin_macleod,data/raw/deam/audio/8.mp3,Dirt Rhodes by Kevin MacLeod. genre: Blues.,train,-1,[],3.2,4.8,45.0
deam_10,arne_bang_huseby,data/raw/deam/audio/10.mp3,Stormy Blues by Arne Bang Huseby. genre: Blues.,train,-1,[],4.0,4.7,45.0
deam_12,sul_rebel,data/raw/deam/audio/12.mp3,Rebel Blues by Sul Rebel. genre: Blues.,train,-1,[],5.5,5.8,45.0
deam_13,my_bubba_mi,data/raw/deam/audio/13.mp3,Oh Kiss No by My Bubba & Mi. genre: Blues.,train,-1,[],3.2,4.0,45.0
deam_17,phoephus,data/raw/deam/audio/17.mp3,Fjcb Reddit Gtr Fills Mix by Phoephus. genre: Blues.,test,-1,[],4.4,6.0,45.0
deam_18,black_rebel_motorcycle_club,data/raw/deam/audio/18.mp3,Beat The Devil's Tattoo (Live @ KEXP) by Black Rebel Motorcycle Club. genre: Blues.,train,-1,[],4.8,3.9,45.0
deam_19,who_s_panda,data/raw/deam/audio/19.mp3,Vultures by WHO'S PANDA. genre: Blues.,train,-1,[],5.9,4.3,45.0
deam_20,stevie_s_amp_shack,data/raw/deam/audio/20.mp3,Blues Shuffle in A One Take Improv Exercise by Stevie's Amp Shack. genre: Blues.,val,-1,[],5.4,6.5,45.0
deam_21,cian_nugent,data/raw/deam/audio/21.mp3,My War Blues by Cian Nugent. genre: Blues.,train,-1,[],6.6,6.3,45.0
deam_22,the_new_mystikal_troubadours,data/raw/deam/audio/22.mp3,The Holy Feele by The New Mystikal Troubadours. genre: Blues.,train,-1,[],4.0,4.8,45.0
deam_24,bombay_laughing_club,data/raw/deam/audio/24.mp3,Workin Boy Blues by Bombay Laughing Club. genre: Blues.,train,-1,[],5.3,3.9,45.0
deam_25,the_jon_spencer_blues_explosion,data/raw/deam/audio/25.mp3,RL Got Soul by The Jon Spencer Blues Explosion. genre: Blues.,train,-1,[],7.9,4.7,45.0
deam_31,short_hand,data/raw/deam/audio/31.mp3,All is Right by Short Hand. genre: Blues.,train,-1,[],4.7,3.8,45.0
deam_32,the_agrarians,data/raw/deam/audio/32.mp3,Princely & Comely by The Agrarians. genre: Blues.,test,-1,[],4.2,3.3,45.0
deam_35,olima_anditi,data/raw/deam/audio/35.mp3,Apoli by Olima Anditi. genre: Blues.,train,-1,[],4.8,6.5,45.0
deam_37,the_jon_spencer_blues_explosion,data/raw/deam/audio/37.mp3,Afro by The Jon Spencer Blues Explosion. genre: Blues.,train,-1,[],6.6,5.3,45.0
deam_39,barrence_whitfield_and_the_savages,data/raw/deam/audio/39.mp3,Ramblin' Rose by Barrence Whitfield and The Savages. genre: Blues.,train,-1,[],7.3,5.4,45.0
deam_40,chuck_prophet,data/raw/deam/audio/40.mp3,You And Me Baby (Holding On) (Live @ KEXP) by Chuck Prophet. genre: Blues.,test,-1,[],4.6,4.8,45.0
deam_41,the_new_mystikal_troubadours,data/raw/deam/audio/41.mp3,Like Nothing Else by The New Mystikal Troubadours. genre: Blues.,train,-1,[],4.3,5.1,45.0
deam_42,the_new_mystikal_troubadours,data/raw/deam/audio/42.mp3,A Cinematic Influence by The New Mystikal Troubadours. genre: Blues.,train,-1,[],6.1,5.1,45.0
deam_43,the_agrarians,data/raw/deam/audio/43.mp3,PuritansToo by The Agrarians. genre: Blues.,test,-1,[],6.7,3.5,45.0
deam_44,digital_primitives,data/raw/deam/audio/44.mp3,Walkabout by Digital Primitives. genre: Blues.,train,-1,[],3.9,4.9,45.0
deam_45,mountain_cult,data/raw/deam/audio/45.mp3,Untitled 05 by Mountain Cult. genre: Blues.,test,-1,[],5.1,2.1,45.0
deam_46,little_howlin_wolf,data/raw/deam/audio/46.mp3,Shes Too Fat by Little Howlin' Wolf. genre: Blues.,train,-1,[],5.3,4.0,45.0
deam_47,jahzzar,data/raw/deam/audio/47.mp3,Boulevard St Germain by Jahzzar. genre: Blues.,train,-1,[],4.4,4.4,45.0
deam_48,the_new_mystikal_troubadours,data/raw/deam/audio/48.mp3,Our Sacred Cues by The New Mystikal Troubadours. genre: Blues.,train,-1,[],4.5,4.8,45.0
deam_49,the_agrarians,data/raw/deam/audio/49.mp3,Our Nights on the Turnpike by The Agrarians. genre: Blues.,test,-1,[],3.9,5.3,45.0
deam_50,jahzzar,data/raw/deam/audio/50.mp3,Railroad's Whiskey Co by Jahzzar. genre: Blues.,train,-1,[],3.6,4.8,45.0
deam_51,the_agrarians,data/raw/deam/audio/51.mp3,Fathers Tell Yr Sons by The Agrarians. genre: Blues.,test,-1,[],3.6,3.2,45.0
deam_52,the_agrarians,data/raw/deam/audio/52.mp3,Recognize An Hour Divine by The Agrarians. genre: Blues.,test,-1,[],4.6,5.1,45.0
deam_53,the_new_mystikal_troubadours,data/raw/deam/audio/53.mp3,Owed to Old Poets  Our Role in the Play by The New Mystikal Troubadours. genre: Blues.,train,-1,[],4.3,5.1,45.0
deam_54,fit_and_the_conniptions,data/raw/deam/audio/54.mp3,Broken by Fit and the Conniptions. genre: Blues.,train,-1,[],3.1,3.3,45.0
deam_55,big_bill_broonzy,data/raw/deam/audio/55.mp3,Baby Please Don't Go by Big Bill Broonzy. genre: Blues.,train,-1,[],5.8,5.4,45.0
deam_56,vieux_farka_tour,data/raw/deam/audio/56.mp3,Fafa by Vieux Farka Touré. genre: Blues.,train,-1,[],6.4,5.8,45.0
deam_58,fit_and_the_conniptions,data/raw/deam/audio/58.mp3,Nothing's Any Fun Any More by Fit and the Conniptions. genre: Blues.,train,-1,[],3.3,3.4,45.0
deam_59,the_agrarians,data/raw/deam/audio/59.mp3,The Truth Is What We Make of It by The Agrarians. genre: Blues.,test,-1,[],5.3,4.1,45.0
deam_60,michael_chapman_the_woodpiles,data/raw/deam/audio/60.mp3,Heat Index by Michael Chapman & The Woodpiles. genre: Blues.,train,-1,[],4.3,6.4,45.0
deam_62,zombie_prom_queen,data/raw/deam/audio/62.mp3,Baby's Got Morphine Eyes by Zombie Prom Queen. genre: Blues.,train,-1,[],6.2,3.9,45.0
deam_64,the_new_mystikal_troubadours,data/raw/deam/audio/64.mp3,Jungle Love Revisited by The New Mystikal Troubadours. genre: Blues.,train,-1,[],3.6,4.9,45.0
deam_65,the_jon_spencer_blues_explosion,data/raw/deam/audio/65.mp3,Bellbottoms by The Jon Spencer Blues Explosion. genre: Blues.,train,-1,[],6.4,5.8,45.0
deam_67,the_jon_spencer_blues_explosion,data/raw/deam/audio/67.mp3,Gadzooks by The Jon Spencer Blues Explosion. genre: Blues.,train,-1,[],7.2,6.8,45.0
deam_68,cian_nugent,data/raw/deam/audio/68.mp3,Sixes & Sevens (Excerpt) by Cian Nugent. genre: Blues.,train,-1,[],3.8,4.9,45.0
deam_69,billy_childish,data/raw/deam/audio/69.mp3,Keep Your Lamp Trimmed And Burning [traditional] by Billy Childish. genre: Blues.,train,-1,[],3.2,3.9,45.0
deam_70,michael_chapman_the_woodpiles,data/raw/deam/audio/70.mp3,Deportee by Michael Chapman & The Woodpiles. genre: Blues.,train,-1,[],4.4,3.6,45.0
deam_71,the_agrarians,data/raw/deam/audio/71.mp3,The Daily Dose Age by The Agrarians. genre: Blues.,test,-1,[],5.9,3.7,45.0
deam_72,crete_boom,data/raw/deam/audio/72.mp3,Bona Fide by Crete Boom. genre: Blues.,test,-1,[],6.7,5.6,45.0
deam_73,solo_dja_kabako,data/raw/deam/audio/73.mp3,Lalalala by Solo Dja Kabako. genre: Blues.,train,-1,[],5.8,5.6,45.0
deam_74,mount_carmel,data/raw/deam/audio/74.mp3,Interview by Mount Carmel. genre: Blues.,train,-1,[],3.0,4.3,45.0
deam_76,mountain_cult,data/raw/deam/audio/76.mp3,Untitled 07 by Mountain Cult. genre: Blues.,test,-1,[],4.3,3.2,45.0
deam_77,the_rope_river_blues_band,data/raw/deam/audio/77.mp3,Yr Blues Tripping by The Rope River Blues Band. genre: Blues.,train,-1,[],4.2,2.9,45.0
deam_78,mr_mrs_smith,data/raw/deam/audio/78.mp3,How to go to sleep by Mr. & Mrs. Smith. genre: Blues.,train,-1,[],3.4,3.9,45.0
deam_79,digital_primitives,data/raw/deam/audio/79.mp3,No Holiday by Digital Primitives. genre: Blues.,train,-1,[],5.5,5.5,45.0
deam_80,lorenzo_s_music,data/raw/deam/audio/80.mp3,Roulette by Lorenzo's Music. genre: Blues.,train,-1,[],6.0,5.1,45.0
deam_81,the_agrarians,data/raw/deam/audio/81.mp3,The Newest Fashions by The Agrarians. genre: Blues.,test,-1,[],6.1,3.9,45.0
deam_82,mr_mrs_smith,data/raw/deam/audio/82.mp3,Goin On by Mr. & Mrs. Smith. genre: Blues.,train,-1,[],2.9,3.5,45.0
deam_83,paul_wine_jones,data/raw/deam/audio/83.mp3,If You Love Me Like You Say by Paul  Wine  Jones. genre: Blues.,train,-1,[],6.1,5.8,45.0
deam_84,mount_carmel,data/raw/deam/audio/84.mp3,Swallow Me Up by Mount Carmel. genre: Blues.,train,-1,[],5.9,5.6,45.0
deam_85,lantern,data/raw/deam/audio/85.mp3,Out Of Our Heads by Lantern. genre: Blues.,val,-1,[],7.1,6.2,45.0
deam_86,eat_at_joe_s,data/raw/deam/audio/86.mp3,Eat at Joe's by Eat at Joe's. genre: Blues.,train,-1,[],5.4,5.6,45.0
deam_87,mountain_cult,data/raw/deam/audio/87.mp3,Untitled 04 by Mountain Cult. genre: Blues.,test,-1,[],5.3,2.6,45.0
deam_88,lorenzo_s_music,data/raw/deam/audio/88.mp3,We All Fall Down by Lorenzo's Music. genre: Blues.,train,-1,[],6.7,5.5,45.0
deam_89,the_new_mystikal_troubadours,data/raw/deam/audio/89.mp3,Common Experiences Man by The New Mystikal Troubadours. genre: Blues.,train,-1,[],4.5,4.8,45.0
deam_90,fit_and_the_conniptions,data/raw/deam/audio/90.mp3,Wood For The Trees by Fit and the Conniptions. genre: Blues.,train,-1,[],4.3,4.2,45.0
deam_91,sim_cain,data/raw/deam/audio/91.mp3,One by Sim Cain. genre: Blues.,train,-1,[],4.5,5.5,45.0
deam_92,the_rope_river_blues_band,data/raw/deam/audio/92.mp3,Further by The Rope River Blues Band. genre: Blues.,train,-1,[],5.8,4.7,45.0
deam_93,betsy_olson,data/raw/deam/audio/93.mp3,Waitin' (Live @ KEXP) by Betsy Olson. genre: Blues.,train,-1,[],7.2,6.0,45.0
deam_95,steve_gunn,data/raw/deam/audio/95.mp3,Old Strange by Steve Gunn. genre: Blues.,test,-1,[],3.3,4.6,45.0
deam_96,the_devil_makes_three,data/raw/deam/audio/96.mp3,Aces and Twos (Live @ KEXP) by The Devil Makes Three. genre: Blues.,val,-1,[],6.8,6.9,45.0
deam_98,the_agrarians,data/raw/deam/audio/98.mp3,The Index of Memory by The Agrarians. genre: Blues.,test,-1,[],4.3,2.7,45.0
deam_99,the_new_mystikal_troubadours,data/raw/deam/audio/99.mp3,Chamber Blues' Tidal Band Presents by The New Mystikal Troubadours. genre: Blues.,train,-1,[],4.3,4.1,45.0
deam_101,mr_mrs_smith,data/raw/deam/audio/101.mp3,Least the Ocean is Wet by Mr. & Mrs. Smith. genre: Blues.,train,-1,[],3.4,2.8,45.0
deam_102,marisa_anderson,data/raw/deam/audio/102.mp3,Electricity by Marisa Anderson. genre: Blues.,train,-1,[],6.5,5.4,45.0
deam_103,mountain_cult,data/raw/deam/audio/103.mp3,Untitled 01 by Mountain Cult. genre: Blues.,test,-1,[],5.6,3.3,45.0
deam_104,the_rope_river_blues_band,data/raw/deam/audio/104.mp3,Ben Jonson's Blues by The Rope River Blues Band. genre: Blues.,train,-1,[],6.1,3.3,45.0
deam_105,mojo_monkeys,data/raw/deam/audio/105.mp3,Girl Might Do by mojo monkeys. genre: Blues.,train,-1,[],6.5,5.0,45.0
deam_106,fit_and_the_conniptions,data/raw/deam/audio/106.mp3,Wander In A Dream by Fit and the Conniptions. genre: Blues.,train,-1,[],4.6,3.3,45.0
deam_107,tarred_brigade,data/raw/deam/audio/107.mp3,We Three Kings by Tarred Brigade. genre: Blues.,train,-1,[],6.0,4.8,45.0
deam_108,califone,data/raw/deam/audio/108.mp3,Giving Away The Bride (Live @ KEXP) by Califone. genre: Blues.,train,-1,[],4.5,4.2,45.0
deam_109,the_agrarians,data/raw/deam/audio/109.mp3,You're the Wave  Wander! by The Agrarians. genre: Blues.,test,-1,[],4.4,4.5,45.0
deam_110,the_agrarians,data/raw/deam/audio/110.mp3,(Come On and Feele) The Faith in Me by The Agrarians. genre: Blues.,test,-1,[],4.4,2.8,45.0
deam_111,jawbone,data/raw/deam/audio/111.mp3,Drop Down Low by Jawbone. genre: Blues.,train,-1,[],5.3,5.3,45.0
deam_112,barrence_whitfield_and_the_savages,data/raw/deam/audio/112.mp3,Big Mamou by Barrence Whitfield and The Savages. genre: Blues.,train,-1,[],6.8,6.4,45.0
deam_113,the_new_mystikal_troubadours,data/raw/deam/audio/113.mp3,(Shuffling Towards) Art's Holy Shrine by The New Mystikal Troubadours. genre: Blues.,train,-1,[],5.4,3.8,45.0
deam_114,vieux_farka_tour,data/raw/deam/audio/114.mp3,Inne (Live @ KEXP) by Vieux Farka Touré. genre: Blues.,train,-1,[],4.8,5.7,45.0
deam_115,barrence_whitfield_and_the_savages,data/raw/deam/audio/115.mp3,Bip Bop Bip by Barrence Whitfield and The Savages. genre: Blues.,train,-1,[],8.4,7.8,45.0
deam_116,fit_and_the_conniptions,data/raw/deam/audio/116.mp3,Mistress Song by Fit and the Conniptions. genre: Blues.,train,-1,[],4.4,3.9,45.0
deam_117,delta_dreambox,data/raw/deam/audio/117.mp3,Queen of Loneliness by Delta Dreambox. genre: Blues.,train,-1,[],3.9,5.0,45.0
deam_118,cooper_moore_assif_tsahar,data/raw/deam/audio/118.mp3,America by Cooper-Moore & Assif Tsahar. genre: Blues.,train,-1,[],4.9,4.6,45.0
deam_119,amen_dunes,data/raw/deam/audio/119.mp3,Ethio Song by Amen Dunes. genre: Blues.,train,-1,[],4.3,3.2,45.0
deam_120,steve_gunn,data/raw/deam/audio/120.mp3,Mr Franklin by Steve Gunn. genre: Blues.,test,-1,[],3.8,5.0,45.0
deam_121,mr_mrs_smith,data/raw/deam/audio/121.mp3,The not so flashy Exit by Mr. & Mrs. Smith. genre: Blues.,train,-1,[],3.1,3.9,45.0
deam_122,the_agrarians,data/raw/deam/audio/122.mp3,The Attack of Ev'ry Time by The Agrarians. genre: Blues.,test,-1,[],5.5,4.6,45.0
deam_123,vieux_farka_tour,data/raw/deam/audio/123.mp3,Awei Womei (Live @ KEXP) by Vieux Farka Touré. genre: Blues.,train,-1,[],6.1,6.2,45.0
deam_124,the_agrarians,data/raw/deam/audio/124.mp3,The Banks of Eternity by The Agrarians. genre: Blues.,test,-1,[],3.7,2.8,45.0
deam_125,the_agrarians,data/raw/deam/audio/125.mp3,Songtress' Sweet Song by The Agrarians. genre: Blues.,test,-1,[],4.5,4.2,45.0
deam_126,lee_maddeford,data/raw/deam/audio/126.mp3,Le petit jardin (with Les Gauchers Orchestra) by Lee Maddeford. genre: Classical.,train,-1,[],5.1,6.1,45.0
deam_127,evgeny_grinko,data/raw/deam/audio/127.mp3,Sunset by Evgeny Grinko. genre: Classical.,train,-1,[],3.0,5.3,45.0
deam_128,fabrizio_paterlini,data/raw/deam/audio/128.mp3,Veloma by Fabrizio Paterlini. genre: Classical.,train,-1,[],3.6,4.0,45.0
deam_129,oskar_schuster,data/raw/deam/audio/129.mp3,Sneeuwland by Oskar Schuster. genre: Classical.,train,-1,[],4.2,6.0,45.0
deam_130,jared_c_balogh,data/raw/deam/audio/130.mp3,Strides by Jared C. Balogh. genre: Classical.,train,-1,[],3.3,4.2,45.0
deam_131,dexter_britain,data/raw/deam/audio/131.mp3,Wonderland (Instrumental) by Dexter Britain. genre: Classical.,train,-1,[],6.1,4.9,45.0
deam_133,ophir_ilzetzki,data/raw/deam/audio/133.mp3,Aleph by Ophir Ilzetzki. genre: Classical.,train,-1,[],2.8,2.2,45.0
deam_134,dexter_britain,data/raw/deam/audio/134.mp3,Summers Coming by Dexter Britain. genre: Classical.,train,-1,[],5.4,6.0,45.0
deam_135,jody_pou,data/raw/deam/audio/135.mp3,O Solitude (H by Jody Pou. genre: Classical.,val,-1,[],3.7,3.5,45.0
deam_136,mystic_morrison_visions,data/raw/deam/audio/136.mp3,Fourth by Mystic Morrison Visions. genre: Classical.,train,-1,[],6.8,6.2,45.0
deam_137,aaron_dunn_sonatina_no_1_in_c_major,data/raw/deam/audio/137.mp3,I by Aaron Dunn-Sonatina No. 1 in C Major. genre: Classical.,train,-1,[],4.3,5.8,45.0
deam_138,silver_process,data/raw/deam/audio/138.mp3,Encounters With Abusive Men by Silver Process. genre: Classical.,test,-1,[],3.8,2.4,45.0
deam_140,jared_c_balogh,data/raw/deam/audio/140.mp3,Shaking Off The Rust by Jared C. Balogh. genre: Classical.,train,-1,[],4.2,4.5,45.0
deam_142,circus_marcus_aux_puces_n_2,data/raw/deam/audio/142.mp3,Carosello by Circus Marcus-Aux puces nº2. genre: Classical.,train,-1,[],4.6,4.8,45.0
deam_143,circus_marcus,data/raw/deam/audio/143.mp3,Aux puces nº5 by Circus Marcus. genre: Classical.,test,-1,[],4.0,4.9,45.0
deam_144,krackatoa,data/raw/deam/audio/144.mp3,The Passing of Time by krackatoa. genre: Classical.,train,-1,[],3.4,4.7,45.0
deam_145,kevin_macleod,data/raw/deam/audio/145.mp3,The Forest and the Trees by Kevin MacLeod. genre: Classical.,train,-1,[],3.1,5.4,45.0
deam_146,marcel_pequel,data/raw/deam/audio/146.mp3,Nine by Marcel Pequel. genre: Classical.,val,-1,[],2.4,3.5,45.0
deam_148,krackatoa,data/raw/deam/audio/148.mp3,Bending Light Infinity version by krackatoa. genre: Classical.,train,-1,[],4.7,5.0,45.0
deam_149,kevin_macleod,data/raw/deam/audio/149.mp3,Gagool by Kevin MacLeod. genre: Classical.,train,-1,[],3.4,3.1,45.0
deam_150,steven_arntson,data/raw/deam/audio/150.mp3,Bow to Your Neighbor (Excerpt) by Steven Arntson. genre: Classical.,train,-1,[],5.0,5.4,45.0
deam_151,james_beaudreau,data/raw/deam/audio/151.mp3,Pacifico by James Beaudreau. genre: Classical.,train,-1,[],4.0,4.5,45.0
deam_152,dexter_britain,data/raw/deam/audio/152.mp3,The Tea Party by Dexter Britain. genre: Classical.,train,-1,[],4.4,5.6,45.0
deam_153,evgeny_grinko,data/raw/deam/audio/153.mp3,Blizzard by Evgeny Grinko. genre: Classical.,train,-1,[],3.9,4.5,45.0
deam_154,lee_maddeford,data/raw/deam/audio/154.mp3,Ouverture by Lee Maddeford. genre: Classical.,train,-1,[],4.2,4.1,45.0
deam_155,jared_c_balogh,data/raw/deam/audio/155.mp3,Cyprus by Jared C. Balogh. genre: Classical.,train,-1,[],3.6,5.4,45.0
deam_156,lee_maddeford,data/raw/deam/audio/156.mp3,Wheel of fortune (with Les Gauchers Orchestra) by Lee Maddeford. genre: Classical.,train,-1,[],6.4,6.7,45.0
deam_157,jamie_evans,data/raw/deam/audio/157.mp3,Opening Doors by Jamie Evans. genre: Classical.,train,-1,[],4.0,6.2,45.0
deam_158,peter_rudenko,data/raw/deam/audio/158.mp3,5 00 AM by Peter Rudenko. genre: Classical.,train,-1,[],2.1,3.6,45.0
deam_159,silver_process,data/raw/deam/audio/159.mp3,Awaken From A Nightmare by Silver Process. genre: Classical.,test,-1,[],3.8,3.1,45.0
deam_160,advent_chamber_orchestra_bughici,data/raw/deam/audio/160.mp3,Suite for Violin 9 Hora vivace by Advent Chamber Orchestra-Bughici. genre: Classical.,val,-1,[],3.5,3.5,45.0
deam_161,mit_concert_choir,data/raw/deam/audio/161.mp3,O Fortuna by MIT Concert Choir. genre: Classical.,train,-1,[],6.3,3.5,45.0
deam_162,circus_marcus,data/raw/deam/audio/162.mp3,Le bal de Rémy by Circus Marcus. genre: Classical.,test,-1,[],3.7,4.6,45.0
deam_163,jared_c_balogh,data/raw/deam/audio/163.mp3,Caught In A Realm by Jared C. Balogh. genre: Classical.,train,-1,[],3.6,4.5,45.0
deam_164,silver_process_skid,data/raw/deam/audio/164.mp3,Row Night by Silver Process-Skid. genre: Classical.,train,-1,[],4.1,2.9,45.0
deam_166,dexter_britain,data/raw/deam/audio/166.mp3,Stop It (Instrumental) by Dexter Britain. genre: Classical.,train,-1,[],3.1,4.2,45.0
deam_167,circus_marcus_aux_puces_n_1,data/raw/deam/audio/167.mp3,Les chaises Louis XVI by Circus Marcus-Aux puces nº1. genre: Classical.,train,-1,[],2.7,3.3,45.0
deam_168,kevin_macleod,data/raw/deam/audio/168.mp3,Funeral March for Brass by Kevin MacLeod. genre: Classical.,train,-1,[],3.3,3.4,45.0
deam_169,jody_pou,data/raw/deam/audio/169.mp3,Black Coffee by Jody Pou. genre: Classical.,val,-1,[],2.4,2.8,45.0
deam_170,circus_marcus_aux_puces_n_6,data/raw/deam/audio/170.mp3,La Flor de Olmedo by Circus Marcus-Aux puces nº6. genre: Classical.,train,-1,[],3.0,5.0,45.0
deam_171,chris_zabriskie,data/raw/deam/audio/171.mp3,That Kid in Fourth Grade Who Really Liked the Denver Broncos by Chris Zabriskie. genre: Classical.,train,-1,[],2.1,3.6,45.0
deam_172,chris_zabriskie,data/raw/deam/audio/172.mp3,The Temperature of the Air on the Bow of the Kaleetan by Chris Zabriskie. genre: Classical.,train,-1,[],3.8,5.0,45.0
deam_173,andrew_bisset_cultural_dis,data/raw/deam/audio/173.mp3,Ease by Andrew Bisset-Cultural Dis. genre: Classical.,test,-1,[],4.6,2.2,45.0
deam_174,jamie_evans,data/raw/deam/audio/174.mp3,War And Peace by Jamie Evans. genre: Classical.,train,-1,[],4.0,3.8,45.0
deam_175,steven_arntson,data/raw/deam/audio/175.mp3,Don't You Want to Go to Heaven Uncle Sam by Steven Arntson. genre: Classical.,train,-1,[],3.7,4.3,45.0
deam_176,marcel_pequel,data/raw/deam/audio/176.mp3,Six by Marcel Pequel. genre: Classical.,val,-1,[],2.4,3.9,45.0
deam_177,ikos_david_clifton_with_the_choirs_of_peterborough_cathedral,data/raw/deam/audio/177.mp3,O Come O Come Emmanuel by IKOS David Clifton with the choirs of Peterborough Cathedral. genre: Classical.,train,-1,[],4.8,5.6,45.0
deam_178,k_conjog,data/raw/deam/audio/178.mp3,Uno Is Walking by K-Conjog. genre: Classical.,train,-1,[],2.8,3.7,45.0
deam_179,dexter_britain,data/raw/deam/audio/179.mp3,The Time To Run by Dexter Britain. genre: Classical.,train,-1,[],5.2,6.0,45.0
deam_180,jared_c_balogh,data/raw/deam/audio/180.mp3,Bridging and Mending by Jared C. Balogh. genre: Classical.,train,-1,[],4.8,5.9,45.0
deam_181,steven_arntson,data/raw/deam/audio/181.mp3,A Muddy Heart by Steven Arntson. genre: Classical.,train,-1,[],3.7,2.5,45.0
deam_182,jessica_pavone,data/raw/deam/audio/182.mp3,Dedicated to Elizabeth Cotten (with Matt Bauder) by Jessica Pavone. genre: Classical.,train,-1,[],2.2,3.7,45.0
deam_184,fabrizio_paterlini_forever_blue_march_rosetta_re,data/raw/deam/audio/184.mp3,imagined version) by Fabrizio Paterlini-Forever blue (March Rosetta re. genre: Classical.,val,-1,[],3.6,3.4,45.0
deam_185,kevin_macleod,data/raw/deam/audio/185.mp3,Ghost Dance by Kevin MacLeod. genre: Classical.,train,-1,[],4.9,4.6,45.0
deam_186,dexter_britain,data/raw/deam/audio/186.mp3,Nights Tale by Dexter Britain. genre: Classical.,train,-1,[],3.7,4.0,45.0
deam_187,evgeny_grinko,data/raw/deam/audio/187.mp3,Other Child Room by Evgeny Grinko. genre: Classical.,train,-1,[],2.5,3.7,45.0
deam_188,lee_maddeford,data/raw/deam/audio/188.mp3,Tom's Lullaby (with Les Gauchers Orchestra) by Lee Maddeford. genre: Classical.,train,-1,[],4.0,3.3,45.0
deam_189,sl_inte,data/raw/deam/audio/189.mp3,Wild Rover with Bellevue Chamber Chorus by Sláinte. genre: Classical.,test,-1,[],6.5,7.1,45.0
deam_190,kevin_macleod,data/raw/deam/audio/190.mp3,Virtutes Instrumenti by Kevin MacLeod. genre: Classical.,train,-1,[],2.8,3.1,45.0
deam_191,kimiko_ishizaka,data/raw/deam/audio/191.mp3,Variatio 14 a 2 Clav by Kimiko Ishizaka. genre: Classical.,val,-1,[],5.1,6.3,45.0
deam_192,steven_arntson,data/raw/deam/audio/192.mp3,Lucky by Steven Arntson. genre: Classical.,train,-1,[],5.8,6.1,45.0
deam_193,matthew_mehlan,data/raw/deam/audio/193.mp3,Hands by Matthew Mehlan. genre: Classical.,train,-1,[],4.1,3.0,45.0
deam_194,jamie_evans,data/raw/deam/audio/194.mp3,Reminiscence by Jamie Evans. genre: Classical.,train,-1,[],2.7,4.7,45.0
deam_195,rebecca_foon,data/raw/deam/audio/195.mp3,Golden Alley Reprise by Rebecca Foon. genre: Classical.,train,-1,[],4.2,2.7,45.0
deam_196,lanark,data/raw/deam/audio/196.mp3,Borodin Butterfly by Lanark. genre: Classical.,train,-1,[],4.3,4.5,45.0
deam_197,marcel_pequel,data/raw/deam/audio/197.mp3,Eight by Marcel Pequel. genre: Classical.,val,-1,[],2.2,2.8,45.0
deam_198,lee_rosevere,data/raw/deam/audio/198.mp3,Red Danube by Lee Rosevere. genre: Classical.,train,-1,[],1.9,3.3,45.0
deam_199,john_harrison_with_the_wichita_state_university_chamber_players,data/raw/deam/audio/199.mp3,Spring Mvt 1 Allegro by John Harrison with the Wichita State University Chamber Players. genre: Classical.,train,-1,[],5.3,5.7,45.0
deam_201,circus_marcus,data/raw/deam/audio/201.mp3,Les crocodiles mangent aussi les bonshommes Wizzards by Circus Marcus. genre: Classical.,test,-1,[],3.7,4.8,45.0
deam_202,chance_s_end,data/raw/deam/audio/202.mp3,God Rest Ye Merry Gentlemen by Chance's end. genre: Classical.,test,-1,[],4.6,5.2,45.0
deam_203,jared_c_balogh,data/raw/deam/audio/203.mp3,WATCHING IT SNOW WHILE THINKING OF YOU by Jared C. Balogh. genre: Classical.,train,-1,[],3.5,4.8,45.0
deam_204,joe_merolla,data/raw/deam/audio/204.mp3,Sinfonia di Violoncello e AM RadioFinitura by Joe Merolla. genre: Classical.,train,-1,[],3.6,2.2,45.0
deam_205,chris_zabriskie,data/raw/deam/audio/205.mp3,Prelude No by Chris Zabriskie. genre: Classical.,train,-1,[],3.0,4.5,45.0
deam_206,ophir_ilzetzki,data/raw/deam/audio/206.mp3,Unisons by Ophir Ilzetzki. genre: Classical.,train,-1,[],2.3,2.6,45.0
deam_207,dexter_britain,data/raw/deam/audio/207.mp3,Notebook Reading by Dexter Britain. genre: Classical.,train,-1,[],4.8,4.8,45.0
deam_208,dexter_britain,data/raw/deam/audio/208.mp3,Leave Well Enough Alone (Instrumental) by Dexter Britain. genre: Classical.,train,-1,[],4.8,6.5,45.0
deam_209,kevin_macleod,data/raw/deam/audio/209.mp3,Amazing Grace 2011 by Kevin MacLeod. genre: Classical.,train,-1,[],3.1,4.6,45.0
deam_210,advent_chamber_orchestra_bughici,data/raw/deam/audio/210.mp3,Suite for Violin 8 Ardeleneascamoderato by Advent Chamber Orchestra-Bughici. genre: Classical.,val,-1,[],4.2,5.5,45.0
deam_211,dexter_britain,data/raw/deam/audio/211.mp3,After Christmas by Dexter Britain. genre: Classical.,train,-1,[],3.1,4.9,45.0
deam_212,dexter_britain,data/raw/deam/audio/212.mp3,My Song For January by Dexter Britain. genre: Classical.,train,-1,[],4.6,5.4,45.0
deam_213,silver_process,data/raw/deam/audio/213.mp3,Graveyard Illusions by Silver Process. genre: Classical.,test,-1,[],2.6,2.5,45.0
deam_214,arnaud_roy,data/raw/deam/audio/214.mp3,Blue sox by Arnaud Roy. genre: Classical.,train,-1,[],3.6,4.1,45.0
deam_215,silver_process,data/raw/deam/audio/215.mp3,In A Party Watching A Party by Silver Process. genre: Classical.,test,-1,[],3.2,2.6,45.0
deam_216,lloyd_rodgers,data/raw/deam/audio/216.mp3,On Things Invisible to the Eye (Act II) by Lloyd Rodgers. genre: Classical.,train,-1,[],4.5,5.3,45.0
deam_217,jamie_evans,data/raw/deam/audio/217.mp3,Haunted by Jamie Evans. genre: Classical.,train,-1,[],3.5,4.8,45.0
deam_218,evgeny_grinko,data/raw/deam/audio/218.mp3,the piano of the old seaman by Evgeny Grinko. genre: Classical.,train,-1,[],2.9,4.0,45.0
deam_219,the_new_heaven_and_the_new_earth,data/raw/deam/audio/219.mp3,The Book of Floating by The New Heaven and The New Earth. genre: Classical.,test,-1,[],2.4,3.8,45.0
deam_220,silver_process,data/raw/deam/audio/220.mp3,Jazz Band With Jazz Hands by Silver Process. genre: Classical.,test,-1,[],4.1,3.4,45.0
deam_221,the_new_york_underground_orchestra_conducted_by_assif_tsahar,data/raw/deam/audio/221.mp3,First by The New York Underground Orchestra (Conducted By Assif Tsahar). genre: Classical.,train,-1,[],4.3,3.4,45.0
deam_222,ophir_ilzetzki,data/raw/deam/audio/222.mp3,ha'zman by Ophir Ilzetzki. genre: Classical.,train,-1,[],3.8,4.3,45.0
deam_223,marcel_pequel,data/raw/deam/audio/223.mp3,One by Marcel Pequel. genre: Classical.,val,-1,[],2.2,3.5,45.0
deam_224,le_chevalier_de_rinchy,data/raw/deam/audio/224.mp3,jingles interludes et dimanche minuit by LE CHEVALIER DE RINCHY. genre: Classical.,train,-1,[],5.5,5.7,45.0
deam_225,jared_c_balogh,data/raw/deam/audio/225.mp3,The Anticipation Of Spring by Jared C. Balogh. genre: Classical.,train,-1,[],3.7,4.2,45.0
deam_226,jared_c_balogh,data/raw/deam/audio/226.mp3,A TOUGH DECISION by Jared C. Balogh. genre: Classical.,train,-1,[],4.9,5.0,45.0
deam_227,jared_c_balogh,data/raw/deam/audio/227.mp3,SELF REFLECT by Jared C. Balogh. genre: Classical.,train,-1,[],3.1,3.5,45.0
deam_228,evgeny_grinko,data/raw/deam/audio/228.mp3,Woody Allen by Evgeny Grinko. genre: Classical.,train,-1,[],3.5,4.0,45.0
deam_229,dexter_britain,data/raw/deam/audio/229.mp3,Slow Motion Strut Version Two by Dexter Britain. genre: Classical.,train,-1,[],4.8,4.8,45.0
deam_231,dexter_britain,data/raw/deam/audio/231.mp3,Train by Dexter Britain. genre: Classical.,train,-1,[],4.1,5.6,45.0
deam_232,advent_chamber_orchestra_dvorak,data/raw/deam/audio/232.mp3,Serenade for Strings Op22 in E Major larghetto by Advent Chamber Orchestra-Dvorak. genre: Classical.,train,-1,[],2.5,2.7,45.0
deam_233,jared_c_balogh,data/raw/deam/audio/233.mp3,HURRY UP AND RAIN by Jared C. Balogh. genre: Classical.,train,-1,[],4.7,4.5,45.0
deam_234,jessica_pavone,data/raw/deam/audio/234.mp3,Dedicated to Leroy Jenkins by Jessica Pavone. genre: Classical.,train,-1,[],3.5,3.9,45.0
deam_235,steven_arntson,data/raw/deam/audio/235.mp3,Flight of the Moth by Steven Arntson. genre: Classical.,train,-1,[],3.0,3.7,45.0
deam_236,chuck_bettis_joe_merolla,data/raw/deam/audio/236.mp3,Transmutation Of Metals by Chuck Bettis & Joe Merolla. genre: Classical.,train,-1,[],2.5,2.4,45.0
deam_237,steven_arntson,data/raw/deam/audio/237.mp3,Birth by Steven Arntson. genre: Classical.,train,-1,[],4.2,3.9,45.0
deam_238,kevin_macleod_j_s_bach_prelude_in_c,data/raw/deam/audio/238.mp3,BWV 846 by Kevin MacLeod-J. S. Bach  Prelude in C. genre: Classical.,train,-1,[],3.0,4.6,45.0
deam_239,marcel_pequel,data/raw/deam/audio/239.mp3,Seven by Marcel Pequel. genre: Classical.,val,-1,[],2.3,3.3,45.0
deam_240,puh,data/raw/deam/audio/240.mp3,Gammelvals by Puh. genre: Classical.,train,-1,[],6.4,6.6,45.0
deam_241,dexter_britain,data/raw/deam/audio/241.mp3,After The Week I've Had by Dexter Britain. genre: Classical.,train,-1,[],4.1,4.6,45.0
deam_242,ikos_david_clifton_with_the_choirs_of_peterborough_cathedral,data/raw/deam/audio/242.mp3,Silent Night by IKOS David Clifton with the choirs of Peterborough Cathedral. genre: Classical.,train,-1,[],3.5,4.7,45.0
deam_243,mit_concert_choir,data/raw/deam/audio/243.mp3,Ave formosissima — O Fortuna (reprise) by MIT Concert Choir. genre: Classical.,train,-1,[],7.2,4.1,45.0
deam_244,steven_arntson,data/raw/deam/audio/244.mp3,Valediction by Steven Arntson. genre: Classical.,train,-1,[],4.3,4.2,45.0
deam_245,advent_chamber_orchestra_handel,data/raw/deam/audio/245.mp3,Entrance to the Queen of Sheba for Two Oboes Strings and Continuo allegro by Advent Chamber Orchestra-Handel. genre: Classical.,train,-1,[],4.2,6.1,45.0
deam_246,silver_process,data/raw/deam/audio/246.mp3,Traumatic Childhood by Silver Process. genre: Classical.,test,-1,[],4.9,3.2,45.0
deam_247,jared_c_balogh,data/raw/deam/audio/247.mp3,Micro Composition 10 by Jared C. Balogh. genre: Classical.,train,-1,[],3.9,4.5,45.0
deam_248,dexter_britain,data/raw/deam/audio/248.mp3,Chasing Time by Dexter Britain. genre: Classical.,train,-1,[],3.4,3.7,45.0
deam_250,john_harrison_with_the_wichita_state_university_chamber_players,data/raw/deam/audio/250.mp3,Winter Mvt 3 Allegro by John Harrison with the Wichita State University Chamber Players. genre: Classical.,train,-1,[],3.4,3.6,45.0
deam_253,the_rope_river_blues_band,data/raw/deam/audio/253.mp3,Dance! by The Rope River Blues Band. genre: Country.,train,-1,[],6.6,2.5,45.0
deam_254,scott_joplin,data/raw/deam/audio/254.mp3,Original Rags (1900 piano roll) by Scott Joplin. genre: Country.,val,-1,[],5.3,7.4,45.0
deam_257,stompin_riff_raffs,data/raw/deam/audio/257.mp3,Wine Wine Wine by Stompin' Riff Raffs. genre: Country.,train,-1,[],7.6,6.9,45.0
deam_258,mr_mrs_smith,data/raw/deam/audio/258.mp3,ChainSmoke Days by Mr. & Mrs. Smith. genre: Country.,train,-1,[],4.3,4.3,45.0
deam_260,the_moaners,data/raw/deam/audio/260.mp3,Detroit by The Moaners. genre: Country.,train,-1,[],5.3,3.6,45.0
deam_262,scott_joplin,data/raw/deam/audio/262.mp3,The Entertainer (1902 piano roll) by Scott Joplin. genre: Country.,val,-1,[],5.6,6.9,45.0
deam_264,peter_case,data/raw/deam/audio/264.mp3,House Rent Jump by Peter Case. genre: Country.,test,-1,[],5.3,5.5,45.0
deam_265,george_p_watson,data/raw/deam/audio/265.mp3,Emmet's Cuckoo Song by George P. Watson. genre: Country.,train,-1,[],4.5,6.4,45.0
deam_266,jason_shaw,data/raw/deam/audio/266.mp3,SOLO ACOUSTIC GUITAR by Jason Shaw. genre: Country.,train,-1,[],3.6,4.8,45.0
deam_269,paper_navy,data/raw/deam/audio/269.mp3,Swan Song by Paper Navy. genre: Country.,train,-1,[],4.3,4.8,45.0
deam_270,john_h_glover_kind,data/raw/deam/audio/270.mp3,I Do Like To Be Beside The Seaside (1907 piano roll) by John H. Glover-Kind. genre: Country.,val,-1,[],6.1,7.1,45.0
deam_272,jason_shaw,data/raw/deam/audio/272.mp3,JENNY'S THEME by Jason Shaw. genre: Country.,train,-1,[],5.9,6.4,45.0
deam_273,shake_that_little_foot,data/raw/deam/audio/273.mp3,Western Country by Shake That Little Foot. genre: Country.,train,-1,[],5.4,7.2,45.0
deam_274,le_club_des_chats,data/raw/deam/audio/274.mp3,Mochi by LE CLUB DES CHATS. genre: Country.,val,-1,[],7.7,6.0,45.0
deam_275,ca_ha_s,data/raw/deam/audio/275.mp3,Rednecks with White Faces by Caühaüs. genre: Country.,test,-1,[],5.3,5.5,45.0
deam_276,secret_jane,data/raw/deam/audio/276.mp3,Blackberry Hedge by Secret Jane. genre: Country.,val,-1,[],6.1,5.3,45.0
deam_278,jason_shaw,data/raw/deam/audio/278.mp3,ACOUSTIC BLUES by Jason Shaw. genre: Country.,train,-1,[],5.5,5.1,45.0
deam_279,krestovsky,data/raw/deam/audio/279.mp3,Party by Krestovsky. genre: Country.,train,-1,[],3.6,4.7,45.0
deam_280,flying_cloud,data/raw/deam/audio/280.mp3,Upper Room by Flying Cloud. genre: Country.,train,-1,[],4.2,3.3,45.0
deam_281,percy_wenrich,data/raw/deam/audio/281.mp3,The Smiler (1907Zonophone Concert Band) by Percy Wenrich. genre: Country.,train,-1,[],5.4,7.0,45.0
deam_282,dr_frankenstein,data/raw/deam/audio/282.mp3,Have You Seen It by Dr. Frankenstein. genre: Country.,val,-1,[],3.2,4.2,45.0
deam_284,jahzzar,data/raw/deam/audio/284.mp3,Last Dance by Jahzzar. genre: Country.,train,-1,[],4.4,5.2,45.0
deam_285,lucas_gonze,data/raw/deam/audio/285.mp3,Death Valley Waltz by Lucas Gonze. genre: Country.,train,-1,[],3.5,5.1,45.0
deam_286,scott_joplin_maple_leaf_rag_1899_geisz_version,data/raw/deam/audio/286.mp3,Z. Brewster by Scott Joplin-Maple Leaf Rag (1899 Geisz version). genre: Country.,val,-1,[],5.7,6.9,45.0
deam_288,jason_shaw,data/raw/deam/audio/288.mp3,WORDS by Jason Shaw. genre: Country.,train,-1,[],3.5,5.2,45.0
deam_289,scott_joplin,data/raw/deam/audio/289.mp3,Pine Apple Rag (1908 piano roll) by Scott Joplin. genre: Country.,val,-1,[],5.7,6.7,45.0
deam_290,abe_sada,data/raw/deam/audio/290.mp3,The City by Abe Sada. genre: Country.,test,-1,[],2.1,3.9,45.0
deam_292,stompin_riff_raffs,data/raw/deam/audio/292.mp3,Horror Show by Stompin' Riff Raffs. genre: Country.,train,-1,[],7.3,7.4,45.0
deam_293,party_people_in_a_can,data/raw/deam/audio/293.mp3,Ayahuasca by Party People in a Can. genre: Country.,train,-1,[],6.3,4.2,45.0
deam_294,moore_and_gardner,data/raw/deam/audio/294.mp3,Chinese Blues (1916 George Gershwin piano roll) by Moore and Gardner. genre: Country.,train,-1,[],5.5,6.5,45.0
deam_296,caravan_of_thieves,data/raw/deam/audio/296.mp3,Candy by Caravan of Thieves. genre: Country.,val,-1,[],5.9,5.7,45.0
deam_297,wooden_ambulance,data/raw/deam/audio/297.mp3,My Friend by Wooden Ambulance. genre: Country.,test,-1,[],3.1,3.6,45.0
deam_298,moore_sons,data/raw/deam/audio/298.mp3,Obvious by Moore & Sons. genre: Country.,train,-1,[],4.0,5.4,45.0
deam_299,jason_shaw,data/raw/deam/audio/299.mp3,RUNNING WATERS by Jason Shaw. genre: Country.,train,-1,[],2.8,4.3,45.0
deam_300,the_brought_low,data/raw/deam/audio/300.mp3,What I Found by The Brought Low. genre: Country.,train,-1,[],6.8,4.5,45.0
deam_301,shane_tutmarc,data/raw/deam/audio/301.mp3,Never Turnin' Back (Live @ KEXP) by Shane Tutmarc. genre: Country.,val,-1,[],3.2,3.7,45.0
deam_302,rose_s_pawn_shop,data/raw/deam/audio/302.mp3,Danger Behind The Wheel (Live @ KEXP) by Rose's Pawn Shop. genre: Country.,train,-1,[],6.6,7.0,45.0
deam_303,the_canoes,data/raw/deam/audio/303.mp3,American English by The Canoes. genre: Country.,train,-1,[],7.0,6.4,45.0
deam_304,jeremy_cohen_matt_munisteri,data/raw/deam/audio/304.mp3,Rose Room by Jeremy Cohen & Matt Munisteri. genre: Country.,train,-1,[],3.8,4.6,45.0
deam_305,rex_allen,data/raw/deam/audio/305.mp3,Riding Down To Mexico by Rex Allen. genre: Country.,test,-1,[],6.4,6.8,45.0
deam_306,james_scott,data/raw/deam/audio/306.mp3,Frog Legs Rag (1906 piano roll) by James Scott. genre: Country.,test,-1,[],5.7,6.7,45.0
deam_307,shake_that_little_foot,data/raw/deam/audio/307.mp3,Turkey in the Straw by Shake That Little Foot. genre: Country.,train,-1,[],6.1,6.8,45.0
deam_308,jason_shaw,data/raw/deam/audio/308.mp3,WHEELS by Jason Shaw. genre: Country.,train,-1,[],4.3,6.6,45.0
deam_309,dr_frankenstein,data/raw/deam/audio/309.mp3,Theme for  The Mad Thinker by Dr. Frankenstein. genre: Country.,val,-1,[],5.3,5.8,45.0
deam_310,mr_mrs_smith,data/raw/deam/audio/310.mp3,Neighborhood Funeral Dress by Mr. & Mrs. Smith. genre: Country.,train,-1,[],2.1,2.7,45.0
deam_311,caravan_of_thieves,data/raw/deam/audio/311.mp3,Ghostwriter by Caravan of Thieves. genre: Country.,val,-1,[],5.8,6.9,45.0
deam_312,austin_leonard_jones,data/raw/deam/audio/312.mp3,Wild Guide by Austin Leonard Jones. genre: Country.,train,-1,[],4.6,5.8,45.0
deam_313,jason_shaw,data/raw/deam/audio/313.mp3,TRAVEL LIGHT by Jason Shaw. genre: Country.,train,-1,[],3.6,5.3,45.0
deam_314,austin_leonard_jones,data/raw/deam/audio/314.mp3,Ox Driving Song by Austin Leonard Jones. genre: Country.,train,-1,[],5.8,5.9,45.0
deam_315,shake_that_little_foot,data/raw/deam/audio/315.mp3,Scotland the Brave by Shake That Little Foot. genre: Country.,train,-1,[],6.4,7.5,45.0
deam_316,kenny_tudrick,data/raw/deam/audio/316.mp3,The River by Kenny Tudrick. genre: Country.,test,-1,[],2.8,3.5,45.0
deam_317,waylon_thornton,data/raw/deam/audio/317.mp3,Rose Water by Waylon Thornton. genre: Country.,test,-1,[],6.1,4.3,45.0
deam_318,dr_frankenstein,data/raw/deam/audio/318.mp3,Emergency Exit by Dr. Frankenstein. genre: Country.,val,-1,[],5.9,5.9,45.0
deam_319,lucas_gonze,data/raw/deam/audio/319.mp3,Frog In The Well by Lucas Gonze. genre: Country.,train,-1,[],4.5,6.6,45.0
deam_320,stompin_riff_raffs,data/raw/deam/audio/320.mp3,99 Chicks by Stompin' Riff Raffs. genre: Country.,train,-1,[],7.4,6.6,45.0
deam_321,dr_frankenstein,data/raw/deam/audio/321.mp3,Necrófago by Dr. Frankenstein. genre: Country.,val,-1,[],7.3,6.0,45.0
deam_322,pee_wee_king,data/raw/deam/audio/322.mp3,I Wanna Say Hello by Pee Wee King. genre: Country.,train,-1,[],6.1,7.6,45.0
deam_323,the_water_tower_bucket_boys,data/raw/deam/audio/323.mp3,Pilgim Song (Live @ KEXP) by The Water Tower Bucket Boys. genre: Country.,train,-1,[],4.82,5.73,45.0
deam_324,jason_shaw,data/raw/deam/audio/324.mp3,SERENITY by Jason Shaw. genre: Country.,train,-1,[],3.3,4.7,45.0
deam_325,chatham_county_line,data/raw/deam/audio/325.mp3,Birmingham Jail by Chatham County Line. genre: Country.,train,-1,[],5.5,5.4,45.0
deam_326,jason_shaw,data/raw/deam/audio/326.mp3,THINGAMAJIG by Jason Shaw. genre: Country.,train,-1,[],5.4,7.2,45.0
deam_327,bandana_splits,data/raw/deam/audio/327.mp3,Ricky Dee by Bandana Splits. genre: Country.,val,-1,[],6.0,7.1,45.0
deam_328,u_can_unlearn_guitar,data/raw/deam/audio/328.mp3,Imna 'Merican by U Can Unlearn Guitar. genre: Country.,train,-1,[],5.2,4.2,45.0
deam_329,edith_frost,data/raw/deam/audio/329.mp3,Cars and Parties by Edith Frost. genre: Country.,test,-1,[],3.3,4.2,45.0
deam_330,vonn_krapp_family,data/raw/deam/audio/330.mp3,Loco Two by Vonn Krapp Family. genre: Country.,train,-1,[],5.9,3.1,45.0
deam_332,jason_shaw,data/raw/deam/audio/332.mp3,FUNKY JUNKY by Jason Shaw. genre: Country.,train,-1,[],5.5,6.9,45.0
deam_333,thee_irma_louise,data/raw/deam/audio/333.mp3,Live at the Winston by Thee Irma & Louise. genre: Country.,train,-1,[],6.7,6.1,45.0
deam_334,universal_jubilaires,data/raw/deam/audio/334.mp3,Childhood Days by Universal Jubilaires. genre: Country.,train,-1,[],5.9,5.9,45.0
deam_335,trampled_by_turtles,data/raw/deam/audio/335.mp3,Help You (Live @ KEXP) by Trampled By Turtles. genre: Country.,train,-1,[],6.8,6.8,45.0
deam_336,the_shut_ins,data/raw/deam/audio/336.mp3,Rock n Roll McDonald's by The Shut-Ins. genre: Country.,train,-1,[],6.1,6.6,45.0
deam_338,bureaucratica,data/raw/deam/audio/338.mp3,Southern Gothic by Bureaucratica. genre: Country.,val,-1,[],3.0,3.8,45.0
deam_339,jason_shaw,data/raw/deam/audio/339.mp3,ROCKY TOP by Jason Shaw. genre: Country.,train,-1,[],5.9,6.9,45.0
deam_340,peter_case,data/raw/deam/audio/340.mp3,30 Days in the Workhouse by Peter Case. genre: Country.,test,-1,[],3.8,4.6,45.0
deam_341,audra_kubat,data/raw/deam/audio/341.mp3,Columbine by Audra Kubat. genre: Country.,test,-1,[],3.8,4.4,45.0
deam_342,jason_shaw,data/raw/deam/audio/342.mp3,ACOUSTIC MEDITATION by Jason Shaw. genre: Country.,train,-1,[],4.0,5.1,45.0
deam_343,chatham_county_line,data/raw/deam/audio/343.mp3,Clear Blue Sky by Chatham County Line. genre: Country.,train,-1,[],7.0,8.1,45.0
deam_344,jason_shaw,data/raw/deam/audio/344.mp3,ONE FINE DAY by Jason Shaw. genre: Country.,train,-1,[],4.6,5.2,45.0
deam_345,stompin_riff_raffs,data/raw/deam/audio/345.mp3,You Shake Me by Stompin' Riff Raffs. genre: Country.,train,-1,[],7.2,6.5,45.0
deam_346,jason_shaw,data/raw/deam/audio/346.mp3,TENNESEE HAYRIDE by Jason Shaw. genre: Country.,train,-1,[],6.7,7.3,45.0
deam_347,johnny_bond,data/raw/deam/audio/347.mp3,Goodbye Old Paint by Johnny Bond. genre: Country.,val,-1,[],3.82,5.82,45.0
deam_348,austin_leonard_jones,data/raw/deam/audio/348.mp3,I Wish I Was A Headlight by Austin Leonard Jones. genre: Country.,train,-1,[],5.0,5.7,45.0
deam_349,jim_long,data/raw/deam/audio/349.mp3,There Were Some Famous Artists by Jim Long. genre: Country.,test,-1,[],4.6,5.8,45.0
deam_350,jason_shaw,data/raw/deam/audio/350.mp3,BACK TO THE WOODS by Jason Shaw. genre: Country.,train,-1,[],6.0,6.5,45.0
deam_352,lucas_gonze,data/raw/deam/audio/352.mp3,Talk About Suffering by Lucas Gonze. genre: Country.,train,-1,[],5.5,4.5,45.0
deam_353,johnny_bond,data/raw/deam/audio/353.mp3,Birmingham Jail by Johnny Bond. genre: Country.,val,-1,[],4.0,4.8,45.0
deam_354,eric_villa,data/raw/deam/audio/354.mp3,If Not For Your Sweet Heart by Eric Villa. genre: Country.,test,-1,[],7.1,6.4,45.0
deam_355,al_duvall_stuck_on_a_hat,data/raw/deam/audio/355.mp3,Check Girl by Al Duvall-Stuck On A Hat. genre: Country.,train,-1,[],5.1,6.5,45.0
deam_356,jason_shaw,data/raw/deam/audio/356.mp3,SNAPPY by Jason Shaw. genre: Country.,train,-1,[],4.6,5.6,45.0
deam_357,d_charles_speer_the_helix,data/raw/deam/audio/357.mp3,Red Clay Road by D. Charles Speer & the Helix. genre: Country.,train,-1,[],4.8,6.5,45.0
deam_358,bill_crosson,data/raw/deam/audio/358.mp3,Love Song To Little Trees by Bill Crosson. genre: Country.,train,-1,[],5.6,4.2,45.0
deam_359,jahzzar,data/raw/deam/audio/359.mp3,Bed by Jahzzar. genre: Country.,train,-1,[],2.5,3.7,45.0
deam_360,jason_shaw,data/raw/deam/audio/360.mp3,NICE AND EASY by Jason Shaw. genre: Country.,train,-1,[],2.5,5.5,45.0
deam_361,jason_shaw,data/raw/deam/audio/361.mp3,AUTUMN SUNSET by Jason Shaw. genre: Country.,train,-1,[],2.55,3.36,45.0
deam_362,jason_shaw,data/raw/deam/audio/362.mp3,RIVER MEDITATION by Jason Shaw. genre: Country.,train,-1,[],4.0,5.9,45.0
deam_364,jason_shaw,data/raw/deam/audio/364.mp3,MOUNTAIN SUN by Jason Shaw. genre: Country.,train,-1,[],5.5,6.5,45.0
deam_365,shake_that_little_foot,data/raw/deam/audio/365.mp3,Waterbound by Shake That Little Foot. genre: Country.,train,-1,[],6.0,7.1,45.0
deam_366,golden_boys,data/raw/deam/audio/366.mp3,Dirty Fingernails by Golden Boys. genre: Country.,train,-1,[],6.9,6.1,45.0
deam_367,tift_merritt,data/raw/deam/audio/367.mp3,After Today by Tift Merritt. genre: Country.,train,-1,[],3.1,2.7,45.0
deam_368,spade_cooley_the_western_swing_dance_gang_feat_tex_williams,data/raw/deam/audio/368.mp3,Better Do It Now by Spade Cooley &  the Western Swing Dance Gang Feat. Tex Williams. genre: Country.,train,-1,[],4.8,6.1,45.0
deam_369,mr_mrs_smith,data/raw/deam/audio/369.mp3,Mr by Mr. & Mrs. Smith. genre: Country.,train,-1,[],2.9,3.4,45.0
deam_370,the_trumpeteers,data/raw/deam/audio/370.mp3,Little Wooden Church by The Trumpeteers. genre: Country.,train,-1,[],3.8,3.4,45.0
deam_371,stapleton_brothers_call_of_the_whip_poor,data/raw/deam/audio/371.mp3,Will by Stapleton Brothers-Call of the Whip-Poor. genre: Country.,train,-1,[],5.2,6.6,45.0
deam_372,qqq,data/raw/deam/audio/372.mp3,Runaway Puppy by QQQ. genre: Country.,test,-1,[],3.6,4.8,45.0
deam_374,the_crevulators,data/raw/deam/audio/374.mp3,Gambler's Blues by The Crevulators. genre: Country.,train,-1,[],7.0,4.9,45.0
deam_375,mr_mrs_smith,data/raw/deam/audio/375.mp3,Bit a Bullet by Mr. & Mrs. Smith. genre: Country.,train,-1,[],1.9,2.8,45.0
deam_376,broke_for_free,data/raw/deam/audio/376.mp3,Night Owl by Broke For Free. genre: Electronic.,test,-1,[],5.0,5.9,45.0
deam_378,graphiqs_groove,data/raw/deam/audio/378.mp3,Deep Sky Blue by Graphiqs Groove. genre: Electronic.,train,-1,[],5.5,5.9,45.0
deam_379,lj_kruzer,data/raw/deam/audio/379.mp3,Chantiers Navals 412 by LJ Kruzer. genre: Electronic.,train,-1,[],1.9,2.9,45.0
deam_380,macaw,data/raw/deam/audio/380.mp3,Five Minutes at the Rainforest Cafe by Macaw. genre: Electronic.,train,-1,[],5.6,4.8,45.0
deam_381,hot_fire_them_never_love_no_bans,data/raw/deam/audio/381.mp3,DnB Mix (Germany) by Hot Fire-Them Never Love No Bans. genre: Electronic.,test,-1,[],6.0,6.7,45.0
deam_383,neuroleptic_trio,data/raw/deam/audio/383.mp3,Neuroleptic trio instrumental 5 by Neuroleptic Trio. genre: Electronic.,train,-1,[],4.2,3.6,45.0
deam_384,ghost_hunter,data/raw/deam/audio/384.mp3,Whirlwind Dance by Ghost Hunter. genre: Electronic.,train,-1,[],3.6,4.1,45.0
deam_386,broke_for_free,data/raw/deam/audio/386.mp3,As Colorful As Ever by Broke For Free. genre: Electronic.,test,-1,[],5.0,5.5,45.0
deam_387,risey,data/raw/deam/audio/387.mp3,Memories Of Thailand (Beat Doctor's 'stuck in Britain' remix) by Risey. genre: Electronic.,val,-1,[],6.2,6.2,45.0
deam_390,beat_culture,data/raw/deam/audio/390.mp3,Midori by Beat Culture. genre: Electronic.,train,-1,[],5.7,6.2,45.0
deam_391,morphamish,data/raw/deam/audio/391.mp3,Another Position (original mix) by Morphamish. genre: Electronic.,train,-1,[],5.5,6.1,45.0
deam_392,ghostly_dust_machine,data/raw/deam/audio/392.mp3,Ode To A Baby Snowstorm by Ghostly Dust Machine. genre: Electronic.,train,-1,[],3.4,4.8,45.0
deam_393,max_tundra,data/raw/deam/audio/393.mp3,Lysine by Max Tundra. genre: Electronic.,test,-1,[],6.0,6.4,45.0
deam_395,foniqz,data/raw/deam/audio/395.mp3,Spectrum (Subdiffusion Mix) by Foniqz. genre: Electronic.,train,-1,[],6.7,6.2,45.0
deam_397,lucky_dragons,data/raw/deam/audio/397.mp3,Mercy by Lucky Dragons. genre: Electronic.,test,-1,[],7.0,7.0,45.0
deam_399,dexter_britain,data/raw/deam/audio/399.mp3,Waking Up (Instrumental) by Dexter Britain. genre: Electronic.,train,-1,[],6.7,7.0,45.0
deam_400,asthmatic_astronaut,data/raw/deam/audio/400.mp3,Run The Tape by Asthmatic Astronaut. genre: Electronic.,test,-1,[],5.1,5.6,45.0
deam_401,broke_for_free,data/raw/deam/audio/401.mp3,Something Elated by Broke For Free. genre: Electronic.,test,-1,[],5.5,6.4,45.0
deam_402,patrick_lee,data/raw/deam/audio/402.mp3,Quittin' Time by Patrick Lee. genre: Electronic.,train,-1,[],7.1,7.1,45.0
deam_403,daddy_scrabble,data/raw/deam/audio/403.mp3,Flying pea v by Daddy_Scrabble. genre: Electronic.,train,-1,[],5.1,5.2,45.0
deam_404,broke_for_free,data/raw/deam/audio/404.mp3,Calm The Fuck Down by Broke For Free. genre: Electronic.,test,-1,[],6.9,6.8,45.0
deam_405,kevin_macleod,data/raw/deam/audio/405.mp3,Presenterator by Kevin MacLeod. genre: Electronic.,train,-1,[],6.1,7.4,45.0
deam_406,smersh,data/raw/deam/audio/406.mp3,My God Those Legs by Smersh. genre: Electronic.,val,-1,[],5.3,4.3,45.0
deam_407,digi_g_alessio_ekiti_son_feat_valeska,data/raw/deam/audio/407.mp3,april deegee rmx by Digi G'Alessio-ekiti son feat valeska. genre: Electronic.,train,-1,[],4.3,4.5,45.0
deam_408,eel,data/raw/deam/audio/408.mp3,snow world under the white moon by EeL. genre: Electronic.,train,-1,[],6.6,6.1,45.0
deam_410,zero_v,data/raw/deam/audio/410.mp3,Twinkling by Zero V. genre: Electronic.,train,-1,[],3.8,5.1,45.0
deam_415,phoniandflore,data/raw/deam/audio/415.mp3,Dubsteady by Phoniandflore. genre: Electronic.,train,-1,[],6.0,5.2,45.0
deam_416,bitbasic,data/raw/deam/audio/416.mp3,Please Mind the Dubstep by Bitbasic. genre: Electronic.,train,-1,[],5.5,5.2,45.0
deam_419,antiphon,data/raw/deam/audio/419.mp3,over and under by Antiphon. genre: Electronic.,train,-1,[],3.3,4.0,45.0
deam_420,casetofoane,data/raw/deam/audio/420.mp3,90 by Casetofoane. genre: Electronic.,train,-1,[],4.5,5.4,45.0
deam_422,lee_rosevere,data/raw/deam/audio/422.mp3,Moonlight and Roses by Lee Rosevere. genre: Electronic.,train,-1,[],2.8,3.7,45.0
deam_423,glass_boy,data/raw/deam/audio/423.mp3,My Pretty Looking Clothes by Glass Boy. genre: Electronic.,val,-1,[],5.2,4.5,45.0
deam_425,decktonic,data/raw/deam/audio/425.mp3,Stars by Decktonic. genre: Electronic.,train,-1,[],7.1,6.8,45.0
deam_426,asura,data/raw/deam/audio/426.mp3,Whispering Through by Asura. genre: Electronic.,train,-1,[],5.3,5.3,45.0
deam_427,tours,data/raw/deam/audio/427.mp3,Enthusiast by Tours. genre: Electronic.,train,-1,[],5.2,5.8,45.0
deam_428,revolution_void,data/raw/deam/audio/428.mp3,How Exciting by Revolution Void. genre: Electronic.,train,-1,[],6.6,6.6,45.0
deam_429,chris_zabriskie,data/raw/deam/audio/429.mp3,Divider by Chris Zabriskie. genre: Electronic.,train,-1,[],3.3,4.3,45.0
deam_430,vitus_von_degen,data/raw/deam/audio/430.mp3,Black Gloves by Vitus Von Degen. genre: Electronic.,train,-1,[],4.0,2.9,45.0
deam_431,dub_terminator,data/raw/deam/audio/431.mp3,Dub steps by Dub Terminator. genre: Electronic.,train,-1,[],6.1,5.5,45.0
deam_432,pierlo,data/raw/deam/audio/432.mp3,Barbarian by Pierlo. genre: Electronic.,train,-1,[],5.3,5.3,45.0
deam_435,broke_for_free,data/raw/deam/audio/435.mp3,Warm Up Suit by Broke For Free. genre: Electronic.,test,-1,[],4.5,5.9,45.0
deam_436,digi_g_alessio,data/raw/deam/audio/436.mp3,raw instrumental pt by Digi G'Alessio. genre: Electronic.,val,-1,[],4.3,5.2,45.0
deam_437,psychadelik_pedestrian,data/raw/deam/audio/437.mp3,Night Beach by Psychadelik Pedestrian. genre: Electronic.,train,-1,[],5.2,4.3,45.0
deam_440,immortal_beats,data/raw/deam/audio/440.mp3,Oh Wee by Immortal Beats. genre: Electronic.,train,-1,[],5.3,6.3,45.0
deam_441,m_w_d,data/raw/deam/audio/441.mp3,Singing Forest by M.W.D.. genre: Electronic.,test,-1,[],4.6,5.1,45.0
deam_442,volfoniq_memori_amentu_segretu,data/raw/deam/audio/442.mp3,Arrogalla remix feat Andrea Congia] by Volfoniq-Memori [Amentu Segretu. genre: Electronic.,train,-1,[],4.1,4.5,45.0
deam_444,augustus_bro_gallery_six,data/raw/deam/audio/444.mp3,People Living And Leaving Big Citys by Augustus Bro & Gallery Six. genre: Electronic.,train,-1,[],2.3,2.5,45.0
deam_445,bacalao,data/raw/deam/audio/445.mp3,Casual Graphic Designer by Bacalao. genre: Electronic.,train,-1,[],2.4,4.6,45.0
deam_448,anitek,data/raw/deam/audio/448.mp3,Destination by Anitek. genre: Electronic.,train,-1,[],6.7,6.5,45.0
deam_449,orbique,data/raw/deam/audio/449.mp3,simple by Orbique. genre: Electronic.,train,-1,[],3.6,3.8,45.0
deam_450,ghosts,data/raw/deam/audio/450.mp3,Grief And Sleep by Ghosts. genre: Electronic.,train,-1,[],4.1,5.0,45.0
deam_451,thick_business,data/raw/deam/audio/451.mp3,Smoothest Runes by Thick Business. genre: Electronic.,train,-1,[],4.9,4.4,45.0
deam_452,yacht_shangri,data/raw/deam/audio/452.mp3,La (instrumental) by YACHT-Shangri. genre: Electronic.,train,-1,[],5.45,6.75,45.0
deam_453,broke_for_free,data/raw/deam/audio/453.mp3,Only Instrumental by Broke For Free. genre: Electronic.,test,-1,[],4.6,5.6,45.0
deam_454,wake,data/raw/deam/audio/454.mp3,Steppin by Wake. genre: Electronic.,train,-1,[],5.0,4.8,45.0
deam_455,music_for_your_plants,data/raw/deam/audio/455.mp3,Expedition Chant Cup by Music For Your Plants. genre: Electronic.,train,-1,[],5.4,5.7,45.0
deam_456,stickfigure,data/raw/deam/audio/456.mp3,Crack in Time by Stickfigure. genre: Electronic.,train,-1,[],6.1,2.3,45.0
deam_458,nameless_dancers,data/raw/deam/audio/458.mp3,Night Fly by Nameless Dancers. genre: Electronic.,train,-1,[],3.4,5.0,45.0
deam_459,mutherpluckin_b,data/raw/deam/audio/459.mp3,Cryin in the Delta Wind by Mutherpluckin' B. genre: Electronic.,train,-1,[],6.3,6.1,45.0
deam_460,flex_vector,data/raw/deam/audio/460.mp3,Inner Demon by Flex Vector. genre: Electronic.,train,-1,[],3.8,3.8,45.0
deam_461,sycamore_drive,data/raw/deam/audio/461.mp3,Ocean Breeze by Sycamore Drive. genre: Electronic.,train,-1,[],4.8,4.4,45.0
deam_462,morsa_erotic_post,data/raw/deam/audio/462.mp3,Ironic (feat by Morsa-Erotic Post. genre: Electronic.,train,-1,[],5.8,4.6,45.0
deam_463,lomovolokno,data/raw/deam/audio/463.mp3,Overlay Star by Lomovolokno. genre: Electronic.,train,-1,[],5.0,5.7,45.0
deam_464,plurabelle,data/raw/deam/audio/464.mp3,Ropes by Plurabelle. genre: Electronic.,train,-1,[],5.1,5.6,45.0
deam_466,fanas,data/raw/deam/audio/466.mp3,Forever falling up by Fanas. genre: Electronic.,train,-1,[],6.6,5.9,45.0
deam_467,peter_sharp,data/raw/deam/audio/467.mp3,Runtime error by Peter Sharp. genre: Electronic.,train,-1,[],5.7,6.8,45.0
deam_468,zero_v,data/raw/deam/audio/468.mp3,Hiss by Zero V. genre: Electronic.,train,-1,[],3.6,3.4,45.0
deam_469,broke_for_free,data/raw/deam/audio/469.mp3,Knock Knock by Broke For Free. genre: Electronic.,test,-1,[],5.1,5.3,45.0
deam_472,listen_with_sarah,data/raw/deam/audio/472.mp3,I by Listen With Sarah. genre: Electronic.,train,-1,[],6.5,5.2,45.0
deam_473,illocanblo,data/raw/deam/audio/473.mp3,SmurfPulser by Illocanblo. genre: Electronic.,train,-1,[],7.1,5.5,45.0
deam_475,morphamish_mako,data/raw/deam/audio/475.mp3,Ooo by Morphamish + MAKO. genre: Electronic.,train,-1,[],5.6,5.0,45.0
deam_477,decktonic,data/raw/deam/audio/477.mp3,Night Drive by Decktonic. genre: Electronic.,train,-1,[],7.1,7.2,45.0
deam_478,zero_v,data/raw/deam/audio/478.mp3,Initiation by Zero V. genre: Electronic.,train,-1,[],2.8,3.2,45.0
deam_479,jiony,data/raw/deam/audio/479.mp3,Not Found (Invisible) by Jiony. genre: Electronic.,train,-1,[],4.5,5.7,45.0
deam_480,lee_rosevere_chapter_seven_re,data/raw/deam/audio/480.mp3,entry by Lee Rosevere-Chapter Seven - Re. genre: Electronic.,train,-1,[],2.7,4.1,45.0
deam_481,dexter_britain,data/raw/deam/audio/481.mp3,Seeing The Future by Dexter Britain. genre: Electronic.,train,-1,[],3.4,4.7,45.0
deam_482,julian_winter,data/raw/deam/audio/482.mp3,LA by Julian Winter. genre: Electronic.,train,-1,[],1.9,3.5,45.0
deam_484,beat_doctor,data/raw/deam/audio/484.mp3,Got Me (club mix) by Beat Doctor. genre: Electronic.,train,-1,[],6.4,6.5,45.0
deam_485,psychadelik_pedestrian,data/raw/deam/audio/485.mp3,Coral Reef by Psychadelik Pedestrian. genre: Electronic.,train,-1,[],2.6,3.7,45.0
deam_486,pulselooper,data/raw/deam/audio/486.mp3,Neurociencia by Pulselooper. genre: Electronic.,train,-1,[],6.2,5.7,45.0
deam_487,foniqz,data/raw/deam/audio/487.mp3,D2 by Foniqz. genre: Electronic.,train,-1,[],4.5,5.3,45.0
deam_488,blear_moon,data/raw/deam/audio/488.mp3,Cold Summer Landscape by Blear Moon. genre: Electronic.,train,-1,[],1.6,3.4,45.0
deam_489,the_protagonist,data/raw/deam/audio/489.mp3,Pink Fuzz! by The Protagonist!. genre: Electronic.,val,-1,[],4.6,5.2,45.0
deam_490,apes_on_tapes,data/raw/deam/audio/490.mp3,Chico (The Way Out) by Apes on Tapes. genre: Electronic.,train,-1,[],3.9,3.7,45.0
deam_492,m_pex,data/raw/deam/audio/492.mp3,Beryllos by M-PeX. genre: Electronic.,test,-1,[],4.4,4.8,45.0
deam_493,general_fuzz,data/raw/deam/audio/493.mp3,summer by General Fuzz. genre: Electronic.,train,-1,[],3.7,4.9,45.0
deam_494,deltason,data/raw/deam/audio/494.mp3,Garden Theme by Deltason. genre: Electronic.,train,-1,[],3.7,4.1,45.0
deam_496,adubter,data/raw/deam/audio/496.mp3,OutroDub by Adubter. genre: Electronic.,test,-1,[],4.7,5.9,45.0
deam_497,flex_vector,data/raw/deam/audio/497.mp3,The Beat Goes On by Flex Vector. genre: Electronic.,train,-1,[],6.2,5.7,45.0
deam_498,altered_carbon,data/raw/deam/audio/498.mp3,Drown by Altered Carbon. genre: Electronic.,train,-1,[],2.9,2.8,45.0
deam_499,isle,data/raw/deam/audio/499.mp3,Bayview by Isle. genre: Electronic.,train,-1,[],3.6,3.6,45.0
deam_500,music_for_your_plants,data/raw/deam/audio/500.mp3,القذافي الأمازون الحرس by Music For Your Plants. genre: Electronic.,train,-1,[],6.0,5.2,45.0
deam_501,possimiste,data/raw/deam/audio/501.mp3,Behind The Seas by Possimiste. genre: Folk.,train,-1,[],2.5,4.4,45.0
deam_502,the_rope_river_blues_band,data/raw/deam/audio/502.mp3,Capulet by The Rope River Blues Band. genre: Folk.,train,-1,[],4.8,4.6,45.0
deam_503,plushgoolash,data/raw/deam/audio/503.mp3,Big Gay Water Fight by Plushgoolash. genre: Folk.,train,-1,[],5.8,6.4,45.0
deam_504,sam_shalabi,data/raw/deam/audio/504.mp3,Rebetikaud by Sam Shalabi. genre: Folk.,train,-1,[],4.8,4.0,45.0
deam_506,keshco,data/raw/deam/audio/506.mp3,Like Home by Keshco. genre: Folk.,train,-1,[],2.9,4.1,45.0
deam_507,caligine,data/raw/deam/audio/507.mp3,Mε Πιάνουνε Ζαλάδες by Caligine. genre: Folk.,val,-1,[],4.9,4.8,45.0
deam_512,costa_and_nero,data/raw/deam/audio/512.mp3,Rast'e Tou Teke by Costa and Nero. genre: Folk.,train,-1,[],5.1,5.4,45.0
deam_513,chan_wai_fat,data/raw/deam/audio/513.mp3,Dream (instrumental) by Chan Wai Fat. genre: Folk.,train,-1,[],3.1,4.2,45.0
deam_514,jason_shaw,data/raw/deam/audio/514.mp3,SIDEWALK by Jason Shaw. genre: Folk.,train,-1,[],4.3,5.8,45.0
deam_515,plankton_wat,data/raw/deam/audio/515.mp3,Hash Smugglers Blues by Plankton Wat. genre: Folk.,train,-1,[],3.8,3.4,45.0
deam_518,free_piece_of_tape,data/raw/deam/audio/518.mp3,Burning School by Free Piece of Tape. genre: Folk.,train,-1,[],4.1,3.4,45.0
deam_519,morus_alba,data/raw/deam/audio/519.mp3,MDMA (Pt by Morus Alba. genre: Folk.,test,-1,[],6.8,5.3,45.0
deam_520,moore_sons,data/raw/deam/audio/520.mp3,Broken Spell by Moore & Sons. genre: Folk.,train,-1,[],4.0,5.5,45.0
deam_521,black_twig_pickers_and_steve_gunn,data/raw/deam/audio/521.mp3,Old Strange by Black Twig Pickers and Steve Gunn. genre: Folk.,val,-1,[],3.8,4.6,45.0
deam_522,mike_cooper_viv_corringham,data/raw/deam/audio/522.mp3,New Rembetika   14 by Mike Cooper & Viv Corringham. genre: Folk.,test,-1,[],3.5,2.7,45.0
deam_523,the_upsidedown_e,data/raw/deam/audio/523.mp3,Love by The Upsidedown-E. genre: Folk.,train,-1,[],5.1,5.9,45.0
deam_524,nettle,data/raw/deam/audio/524.mp3,Black Eyes by Nettle. genre: Folk.,train,-1,[],3.3,4.0,45.0
deam_525,cooper_moore,data/raw/deam/audio/525.mp3,(h) Banjo Arba Minch Garden by Cooper-Moore. genre: Folk.,train,-1,[],4.3,4.8,45.0
deam_527,michael_chapman_the_woodpiles,data/raw/deam/audio/527.mp3,A Stranger's Map of Texas by Michael Chapman & The Woodpiles. genre: Folk.,train,-1,[],4.0,5.7,45.0
deam_529,hiiragi_fukuda,data/raw/deam/audio/529.mp3,TV Dinner by Hiiragi Fukuda. genre: Folk.,train,-1,[],4.7,5.8,45.0
deam_530,the_new_mystikal_troubadours,data/raw/deam/audio/530.mp3,The Tropical Lounge Prayer Directory by The New Mystikal Troubadours. genre: Folk.,train,-1,[],3.3,3.5,45.0
deam_535,black_twig_pickers_and_steve_gunn,data/raw/deam/audio/535.mp3,Sally in the Garden Sifting Sand by Black Twig Pickers and Steve Gunn. genre: Folk.,val,-1,[],6.1,6.5,45.0
deam_536,steven_arntson,data/raw/deam/audio/536.mp3,Don't You Want to Go to HeavenUncle Sam by Steven Arntson. genre: Folk.,train,-1,[],5.1,4.5,45.0
deam_537,astral_social_club,data/raw/deam/audio/537.mp3,Efoumernam Ena Vradi by Astral Social Club. genre: Folk.,train,-1,[],5.0,2.6,45.0
deam_540,steve_gunn,data/raw/deam/audio/540.mp3,Trouba by Steve Gunn. genre: Folk.,test,-1,[],4.1,4.4,45.0
deam_544,rho,data/raw/deam/audio/544.mp3,Day Into Night by Rho. genre: Folk.,train,-1,[],4.8,4.5,45.0
deam_547,mr_mrs_smith,data/raw/deam/audio/547.mp3,It's all right by Mr. & Mrs. Smith. genre: Folk.,train,-1,[],3.4,4.8,45.0
deam_550,michael_chapman_the_woodpiles,data/raw/deam/audio/550.mp3,Titanic by Michael Chapman & The Woodpiles. genre: Folk.,train,-1,[],4.2,5.9,45.0
deam_551,moore_sons,data/raw/deam/audio/551.mp3,Harmless Blues by Moore & Sons. genre: Folk.,train,-1,[],3.2,4.0,45.0
deam_554,paneye,data/raw/deam/audio/554.mp3,Wave Graves by Paneye. genre: Folk.,train,-1,[],2.8,5.0,45.0
deam_555,the_agrarians,data/raw/deam/audio/555.mp3,Views of The Holy & Divine by The Agrarians. genre: Folk.,test,-1,[],5.2,4.8,45.0
deam_556,steven_arntson,data/raw/deam/audio/556.mp3,Life on the Odyssean Wave by Steven Arntson. genre: Folk.,train,-1,[],5.6,6.1,45.0
deam_558,my_bubba_mi,data/raw/deam/audio/558.mp3,Good Night Heart by My Bubba & Mi. genre: Folk.,train,-1,[],2.8,3.2,45.0
deam_560,jahzzar,data/raw/deam/audio/560.mp3,Vanlig by Jahzzar. genre: Folk.,train,-1,[],2.9,4.6,45.0
deam_561,la_minor,data/raw/deam/audio/561.mp3,La Minor Live at Pacific Parc Vol by La Minor. genre: Folk.,val,-1,[],6.9,7.0,45.0
deam_564,fit_and_the_conniptions,data/raw/deam/audio/564.mp3,Solemn Ground by Fit and the Conniptions. genre: Folk.,train,-1,[],4.7,4.9,45.0
deam_565,amen_dunes,data/raw/deam/audio/565.mp3,Sousta Politiki by Amen Dunes. genre: Folk.,train,-1,[],3.1,3.0,45.0
deam_568,u_can_unlearn_guitar,data/raw/deam/audio/568.mp3,The Incredible Infection of Unintended Invection by U Can Unlearn Guitar. genre: Folk.,train,-1,[],5.4,3.1,45.0
deam_574,kevin_macleod,data/raw/deam/audio/574.mp3,Cattails by Kevin MacLeod. genre: Folk.,train,-1,[],4.5,4.8,45.0
deam_577,jahzzar,data/raw/deam/audio/577.mp3,Look inside by Jahzzar. genre: Folk.,train,-1,[],5.6,5.5,45.0
deam_579,red_robin,data/raw/deam/audio/579.mp3,The Surveyor by red_robin. genre: Folk.,train,-1,[],3.1,3.2,45.0
deam_580,cian_nugent,data/raw/deam/audio/580.mp3,Grass Above My Head by Cian Nugent. genre: Folk.,train,-1,[],2.4,4.4,45.0
deam_581,atlas_sound,data/raw/deam/audio/581.mp3,Mona Lisa by Atlas Sound. genre: Folk.,train,-1,[],5.3,6.0,45.0
deam_582,jason_shaw,data/raw/deam/audio/582.mp3,12 MORNINGS by Jason Shaw. genre: Folk.,train,-1,[],3.1,4.9,45.0
deam_584,ignatz,data/raw/deam/audio/584.mp3,Stin Ypoga by Ignatz. genre: Folk.,val,-1,[],2.5,2.4,45.0
deam_585,yair_yona,data/raw/deam/audio/585.mp3,The Bright New Year (By Bert Jansch) by Yair Yona. genre: Folk.,train,-1,[],4.0,4.2,45.0
deam_586,greg_gibbs,data/raw/deam/audio/586.mp3,Hemoglobin (Live at the Tonic Room) by Greg Gibbs. genre: Folk.,train,-1,[],5.2,5.9,45.0
deam_591,the_sons_of_the_pioneers,data/raw/deam/audio/591.mp3,Whoopee Ti Yi Yo by The Sons Of The Pioneers. genre: Folk.,train,-1,[],5.7,6.2,45.0
deam_592,pietnastka,data/raw/deam/audio/592.mp3,Tape Eater by Pietnastka. genre: Folk.,test,-1,[],5.45,5.09,45.0
deam_594,chan_wai_fat,data/raw/deam/audio/594.mp3,Di Hei Hei (sung by Po Sun Yi) by Chan Wai Fat. genre: Folk.,train,-1,[],4.2,3.1,45.0
deam_597,keshco,data/raw/deam/audio/597.mp3,Wafternoon by Keshco. genre: Folk.,train,-1,[],4.8,6.4,45.0
deam_598,jahzzar,data/raw/deam/audio/598.mp3,Joke by Jahzzar. genre: Folk.,train,-1,[],4.0,5.6,45.0
deam_600,joe_mazzola,data/raw/deam/audio/600.mp3,32 Ford by Joe Mazzola. genre: Folk.,train,-1,[],3.5,4.0,45.0
deam_605,the_simple_carnival,data/raw/deam/audio/605.mp3,Flirt by The Simple Carnival. genre: Folk.,val,-1,[],4.4,6.0,45.0
deam_606,jahzzar,data/raw/deam/audio/606.mp3,Ice Cream by Jahzzar. genre: Folk.,train,-1,[],4.1,5.6,45.0
deam_607,james_blackshaw,data/raw/deam/audio/607.mp3,Past Has Not Passed by James Blackshaw. genre: Folk.,train,-1,[],4.4,6.1,45.0
deam_608,daniel_padden,data/raw/deam/audio/608.mp3,Adinatisa O Kaymenos by Daniel Padden. genre: Folk.,train,-1,[],2.9,3.8,45.0
deam_609,m_pex,data/raw/deam/audio/609.mp3,Eter by M-PeX. genre: Folk.,test,-1,[],5.3,5.55,45.0
deam_610,jahzzar,data/raw/deam/audio/610.mp3,Shine by Jahzzar. genre: Folk.,train,-1,[],6.3,6.5,45.0
deam_611,jahzzar,data/raw/deam/audio/611.mp3,Car Crash by Jahzzar. genre: Folk.,train,-1,[],5.1,4.8,45.0
deam_612,black_twig_pickers,data/raw/deam/audio/612.mp3,Wild Horse of Stony Point by Black Twig Pickers. genre: Folk.,train,-1,[],5.6,6.6,45.0
deam_613,jahzzar,data/raw/deam/audio/613.mp3,Going to by Jahzzar. genre: Folk.,train,-1,[],5.2,6.8,45.0
deam_614,josh_woodward,data/raw/deam/audio/614.mp3,I Want To Destroy Something Beautiful by Josh Woodward. genre: Folk.,train,-1,[],4.3,3.7,45.0
deam_615,moore_sons,data/raw/deam/audio/615.mp3,Talking by Moore & Sons. genre: Folk.,train,-1,[],3.2,5.0,45.0
deam_616,greg_gibbs,data/raw/deam/audio/616.mp3,Hot Kettle and a Lonely Gun by Greg Gibbs. genre: Folk.,train,-1,[],3.5,5.0,45.0
deam_617,the_peach_tree,data/raw/deam/audio/617.mp3,A Clean Slate by The Peach Tree. genre: Folk.,train,-1,[],6.5,3.0,45.0
deam_620,m_pex,data/raw/deam/audio/620.mp3,Aqua by M-PeX. genre: Folk.,test,-1,[],5.8,4.4,45.0
deam_621,carter_thornton,data/raw/deam/audio/621.mp3,The Blender is Not Built For That by Carter Thornton. genre: Folk.,train,-1,[],2.9,4.4,45.0
deam_622,greg_gibbs,data/raw/deam/audio/622.mp3,Zoo by Greg Gibbs. genre: Folk.,train,-1,[],4.5,5.0,45.0
deam_623,jahzzar,data/raw/deam/audio/623.mp3,Anniversary by Jahzzar. genre: Folk.,train,-1,[],3.8,5.9,45.0
deam_625,moore_sons,data/raw/deam/audio/625.mp3,Night Ahead by Moore & Sons. genre: Folk.,train,-1,[],3.1,4.4,45.0
deam_628,latch_swing,data/raw/deam/audio/628.mp3,Hungaria by Latché Swing. genre: Jazz.,train,-1,[],4.9,6.8,45.0
deam_629,goto80_and_the_uwe_schenk_band,data/raw/deam/audio/629.mp3,Volksing Ferretismico by Goto80 and the Uwe Schenk Band. genre: Jazz.,val,-1,[],7.4,7.6,45.0
deam_631,wwiii,data/raw/deam/audio/631.mp3,Lansdowne by WWIII. genre: Jazz.,train,-1,[],7.6,3.1,45.0
deam_632,northbound,data/raw/deam/audio/632.mp3,Forward by Northbound. genre: Jazz.,val,-1,[],4.2,5.4,45.0
deam_634,quantum_jazz,data/raw/deam/audio/634.mp3,If I Can't Dance It's Not My Revolution by Quantum Jazz. genre: Jazz.,train,-1,[],4.7,5.8,45.0
deam_635,rat_city_brass,data/raw/deam/audio/635.mp3,The Third Man Theme (Live @ KEXP) by Rat City Brass. genre: Jazz.,train,-1,[],6.6,7.6,45.0
deam_637,evgeny_grinko,data/raw/deam/audio/637.mp3,It smells like Chamomile Tea by Evgeny Grinko. genre: Jazz.,train,-1,[],2.2,3.6,45.0
deam_638,evgeny_grinko,data/raw/deam/audio/638.mp3,Winter Sunshine by Evgeny Grinko. genre: Jazz.,train,-1,[],3.2,4.4,45.0
deam_639,zero_v,data/raw/deam/audio/639.mp3,Indian Summer by Zero V. genre: Jazz.,train,-1,[],6.1,6.3,45.0
deam_640,los_sundayers,data/raw/deam/audio/640.mp3,¡Qué Paciencia! by Los Sundayers. genre: Jazz.,train,-1,[],7.6,7.8,45.0
deam_643,goto80_and_the_uwe_schenk_band,data/raw/deam/audio/643.mp3,Thriller Iller by Goto80 and the Uwe Schenk Band. genre: Jazz.,val,-1,[],3.5,4.2,45.0
deam_644,antony_raijekov,data/raw/deam/audio/644.mp3,By the Coast (2004) by Antony Raijekov. genre: Jazz.,train,-1,[],4.3,5.6,45.0
deam_645,cosmic_analog_ensemble,data/raw/deam/audio/645.mp3,Mutatis Mutandis by Cosmic Analog Ensemble. genre: Jazz.,train,-1,[],4.6,5.7,45.0
deam_646,kevin_macleod,data/raw/deam/audio/646.mp3,Backed Vibes Clean by Kevin MacLeod. genre: Jazz.,train,-1,[],3.1,3.8,45.0
deam_647,revolution_void,data/raw/deam/audio/647.mp3,Scattered Knowledge by Revolution Void. genre: Jazz.,train,-1,[],3.0,5.8,45.0
deam_648,latch_swing,data/raw/deam/audio/648.mp3,Swing 39 by Latché Swing. genre: Jazz.,train,-1,[],5.1,6.8,45.0
deam_649,nature,data/raw/deam/audio/649.mp3,I Remember You by Nature. genre: Jazz.,test,-1,[],6.2,6.7,45.0
deam_650,ido_bukelman,data/raw/deam/audio/650.mp3,City Tail by Ido Bukelman. genre: Jazz.,test,-1,[],6.0,4.2,45.0
deam_651,the_underscore_orkestra,data/raw/deam/audio/651.mp3,Balancing Act by The Underscore Orkestra. genre: Jazz.,train,-1,[],6.4,7.1,45.0
deam_652,zero_v,data/raw/deam/audio/652.mp3,Don't Rush by Zero V. genre: Jazz.,train,-1,[],3.2,4.3,45.0
deam_653,kriss,data/raw/deam/audio/653.mp3,Jazz Club by Kriss. genre: Jazz.,train,-1,[],5.3,6.5,45.0
deam_654,dizzy_banjo_jazzy_macys_disquiet0038,data/raw/deam/audio/654.mp3,asrealasitgets2) by Dizzy Banjo-Jazzy Macys (disquiet0038. genre: Jazz.,train,-1,[],5.1,4.4,45.0
deam_656,stephan_siebert,data/raw/deam/audio/656.mp3,when by Stephan Siebert. genre: Jazz.,train,-1,[],2.6,4.1,45.0
deam_657,goto80_and_the_uwe_schenk_band,data/raw/deam/audio/657.mp3,Ponky Fonky Ferret by Goto80 and the Uwe Schenk Band. genre: Jazz.,val,-1,[],5.1,5.6,45.0
deam_658,kevin_macleod,data/raw/deam/audio/658.mp3,AcidJazz by Kevin MacLeod. genre: Jazz.,train,-1,[],4.4,5.7,45.0
deam_660,daddy_scrabble,data/raw/deam/audio/660.mp3,05 CherryBlossom by Daddy_Scrabble. genre: Jazz.,train,-1,[],2.1,2.8,45.0
deam_661,oaxacan,data/raw/deam/audio/661.mp3,Are by Oaxacan. genre: Jazz.,train,-1,[],2.2,2.8,45.0
deam_662,latch_swing,data/raw/deam/audio/662.mp3,Rythme Gitan by Latché Swing. genre: Jazz.,train,-1,[],5.9,5.1,45.0
deam_663,spartak,data/raw/deam/audio/663.mp3,Rail Star Mode by Spartak. genre: Jazz.,train,-1,[],3.3,4.3,45.0
deam_664,goto80_and_the_uwe_schenk_band,data/raw/deam/audio/664.mp3,Cable Swingin' Ferret by Goto80 and the Uwe Schenk Band. genre: Jazz.,val,-1,[],7.0,6.6,45.0
deam_665,latch_swing,data/raw/deam/audio/665.mp3,Sweet Georgia Brown by Latché Swing. genre: Jazz.,train,-1,[],5.7,6.2,45.0
deam_666,digital_primitives,data/raw/deam/audio/666.mp3,Crackle & Pop by Digital Primitives. genre: Jazz.,train,-1,[],5.3,5.0,45.0
deam_667,caravan_of_thieves,data/raw/deam/audio/667.mp3,I Can't Behave by Caravan of Thieves. genre: Jazz.,val,-1,[],4.2,4.9,45.0
deam_668,daddy_scrabble,data/raw/deam/audio/668.mp3,LordDa Mercy by Daddy_Scrabble. genre: Jazz.,train,-1,[],5.0,5.3,45.0
deam_671,latch_swing,data/raw/deam/audio/671.mp3,Menilmontant by Latché Swing. genre: Jazz.,train,-1,[],3.1,3.7,45.0
deam_672,kevin_macleod,data/raw/deam/audio/672.mp3,Vibe Ace by Kevin MacLeod. genre: Jazz.,train,-1,[],4.4,6.3,45.0
deam_673,los_sundayers,data/raw/deam/audio/673.mp3,Mirando Hacia Atrás by Los Sundayers. genre: Jazz.,train,-1,[],6.6,6.7,45.0
deam_674,latch_swing,data/raw/deam/audio/674.mp3,Songe D'Automne by Latché Swing. genre: Jazz.,train,-1,[],6.8,7.4,45.0
deam_675,merkel_fritzemeier,data/raw/deam/audio/675.mp3,Meetin' & Movin' by Merkel & Fritzemeier. genre: Jazz.,val,-1,[],5.1,5.8,45.0
deam_676,the_underscore_orkestra,data/raw/deam/audio/676.mp3,Chosen Kale Mazel Tov by The Underscore Orkestra. genre: Jazz.,train,-1,[],6.6,6.6,45.0
deam_677,neuroleptic_trio,data/raw/deam/audio/677.mp3,Neuroleptic trio instrumental 6 by Neuroleptic Trio. genre: Jazz.,train,-1,[],6.5,5.3,45.0
deam_681,the_underscore_orkestra,data/raw/deam/audio/681.mp3,Devil with the Devil by The Underscore Orkestra. genre: Jazz.,train,-1,[],4.9,6.6,45.0
deam_682,nature,data/raw/deam/audio/682.mp3,Resonance by Nature. genre: Jazz.,test,-1,[],4.8,6.0,45.0
deam_684,rushus,data/raw/deam/audio/684.mp3,magic of fog by Rushus. genre: Jazz.,train,-1,[],4.3,4.9,45.0
deam_685,curha,data/raw/deam/audio/685.mp3,George by Curha. genre: Jazz.,val,-1,[],4.5,3.6,45.0
deam_686,sergi_boal,data/raw/deam/audio/686.mp3,is there anybody out there by Sergi Boal. genre: Jazz.,train,-1,[],3.4,5.5,45.0
deam_687,the_underscore_orkestra,data/raw/deam/audio/687.mp3,Balancing Act Chosen Kale Mazel Tov by The Underscore Orkestra. genre: Jazz.,train,-1,[],7.3,7.4,45.0
deam_688,lee_maddeford,data/raw/deam/audio/688.mp3,Irresistible Yvette (with Les Gauchers Quintet) by Lee Maddeford. genre: Jazz.,train,-1,[],4.3,5.0,45.0
deam_689,antony_raijekov_ambient,data/raw/deam/audio/689.mp3,M (2003) by Antony Raijekov-Ambient. genre: Jazz.,val,-1,[],3.8,4.6,45.0
deam_690,ann_alee,data/raw/deam/audio/690.mp3,Infant Holy Infant Lowly by Ann Alee. genre: Jazz.,train,-1,[],2.4,4.4,45.0
deam_691,nature,data/raw/deam/audio/691.mp3,Hard Time Killing Floor Blues by Nature. genre: Jazz.,test,-1,[],5.0,3.7,45.0
deam_692,breuss_arrizabalaga_quintet_nfamoudou,data/raw/deam/audio/692.mp3,Boudougou by Breuss Arrizabalaga Quintet-Nfamoudou. genre: Jazz.,train,-1,[],6.9,6.1,45.0
deam_693,mystic_morrison_visions,data/raw/deam/audio/693.mp3,Impressive by Mystic Morrison Visions. genre: Jazz.,train,-1,[],6.2,5.3,45.0
deam_695,sunny_jain_s_red_baraat_festival,data/raw/deam/audio/695.mp3,Track 6 by Sunny Jain's Red Baraat Festival. genre: Jazz.,train,-1,[],5.9,6.2,45.0
deam_696,nature,data/raw/deam/audio/696.mp3,Extraordinary Vibe by Nature. genre: Jazz.,test,-1,[],5.3,5.8,45.0
deam_697,dj_harrison,data/raw/deam/audio/697.mp3,VA Riding (Single Edit) by DJ Harrison. genre: Jazz.,test,-1,[],4.8,5.8,45.0
deam_698,bonobo,data/raw/deam/audio/698.mp3,The Keeper (Live @ KEXP) by Bonobo. genre: Jazz.,train,-1,[],3.9,3.7,45.0
deam_699,jared_c_balogh,data/raw/deam/audio/699.mp3,SYMPHONIC SLIDE by Jared C. Balogh. genre: Jazz.,train,-1,[],3.7,4.5,45.0
deam_700,sephirot,data/raw/deam/audio/700.mp3,Moon Dream (Extended Mix) by Sephirot. genre: Jazz.,train,-1,[],4.8,5.6,45.0
deam_702,wwiii,data/raw/deam/audio/702.mp3,Shipyard by WWIII. genre: Jazz.,train,-1,[],7.5,3.3,45.0
deam_703,jazz_at_mladost_club,data/raw/deam/audio/703.mp3,Arana by Jazz at Mladost Club. genre: Jazz.,train,-1,[],5.1,6.0,45.0
deam_704,daddy_scrabble,data/raw/deam/audio/704.mp3,Monkeys have arrived by Daddy_Scrabble. genre: Jazz.,train,-1,[],4.1,4.2,45.0
deam_706,the_underscore_orkestra,data/raw/deam/audio/706.mp3,Amari Szi by The Underscore Orkestra. genre: Jazz.,train,-1,[],5.5,6.0,45.0
deam_707,ben_holmes_and_patrick_farrell,data/raw/deam/audio/707.mp3,Prelude #2 in A Minor (Chopin) by Ben Holmes and Patrick Farrell. genre: Jazz.,train,-1,[],3.2,3.1,45.0
deam_708,trans_atlantic_rage,data/raw/deam/audio/708.mp3,NO MATH 7 by Trans Atlantic Rage. genre: Jazz.,train,-1,[],3.2,3.2,45.0
deam_709,the_underscore_orkestra,data/raw/deam/audio/709.mp3,Jovanko by The Underscore Orkestra. genre: Jazz.,train,-1,[],5.8,5.0,45.0
deam_710,ehran_elisha_and_roy_campbell,data/raw/deam/audio/710.mp3,They Enter Through the Ear by Ehran Elisha and Roy Campbell. genre: Jazz.,val,-1,[],5.4,5.1,45.0
deam_711,kevin_macleod,data/raw/deam/audio/711.mp3,Dances and Dames by Kevin MacLeod. genre: Jazz.,train,-1,[],2.9,3.1,45.0
deam_712,kevin_macleod,data/raw/deam/audio/712.mp3,As I Figure by Kevin MacLeod. genre: Jazz.,train,-1,[],3.4,5.3,45.0
deam_713,marginals,data/raw/deam/audio/713.mp3,parte 1 parte 4 by MarginalS. genre: Jazz.,train,-1,[],4.9,6.3,45.0
deam_714,nature,data/raw/deam/audio/714.mp3,In The Techno Tent by Nature. genre: Jazz.,test,-1,[],4.4,4.8,45.0
deam_715,jared_c_balogh,data/raw/deam/audio/715.mp3,PULLING MYSELF UP THROUGH by Jared C. Balogh. genre: Jazz.,train,-1,[],2.9,4.3,45.0
deam_717,the_underscore_orkestra,data/raw/deam/audio/717.mp3,Underscore Underwear by The Underscore Orkestra. genre: Jazz.,train,-1,[],4.5,4.9,45.0
deam_718,the_underscore_orkestra,data/raw/deam/audio/718.mp3,Cocek by The Underscore Orkestra. genre: Jazz.,train,-1,[],5.9,6.5,45.0
deam_719,los_sundayers,data/raw/deam/audio/719.mp3,Transparente by Los Sundayers. genre: Jazz.,train,-1,[],7.1,7.2,45.0
deam_721,nature,data/raw/deam/audio/721.mp3,Mic Check by Nature. genre: Jazz.,test,-1,[],5.7,5.5,45.0
deam_722,quantum_jazz,data/raw/deam/audio/722.mp3,Orbiting A Distant Planet by Quantum Jazz. genre: Jazz.,train,-1,[],5.7,7.0,45.0
deam_723,proleter,data/raw/deam/audio/723.mp3,April Showers by ProleteR. genre: Jazz.,train,-1,[],6.5,7.2,45.0
deam_724,rotterdam_ska_jazz_foundation,data/raw/deam/audio/724.mp3,RSJFoundation live at Pacific Parc by Rotterdam Ska Jazz Foundation. genre: Jazz.,test,-1,[],6.0,6.1,45.0
deam_725,mystic_morrison_visions,data/raw/deam/audio/725.mp3,Octopus by Mystic Morrison Visions. genre: Jazz.,train,-1,[],5.1,5.1,45.0
deam_726,cooper_moore,data/raw/deam/audio/726.mp3,Trio Take 5 by Cooper-Moore. genre: Jazz.,train,-1,[],7.0,3.6,45.0
deam_727,jared_c_balogh,data/raw/deam/audio/727.mp3,THE HAPPIEST LIFE by Jared C. Balogh. genre: Jazz.,train,-1,[],4.3,4.5,45.0
deam_728,the_underscore_orkestra,data/raw/deam/audio/728.mp3,Magdalena by The Underscore Orkestra. genre: Jazz.,train,-1,[],6.9,7.5,45.0
deam_729,the_luddites,data/raw/deam/audio/729.mp3,Pepper Spray Blues by The Luddites. genre: Jazz.,train,-1,[],6.4,3.5,45.0
deam_730,keinzweiter,data/raw/deam/audio/730.mp3,Mircoobee by Keinzweiter. genre: Jazz.,test,-1,[],3.7,4.5,45.0
deam_731,neuroleptic_trio,data/raw/deam/audio/731.mp3,Džejbe Džejbe by Neuroleptic Trio. genre: Jazz.,train,-1,[],7.3,5.8,45.0
deam_732,the_underscore_orkestra,data/raw/deam/audio/732.mp3,Dobur Vecher by The Underscore Orkestra. genre: Jazz.,train,-1,[],5.6,6.3,45.0
deam_733,yair_yona,data/raw/deam/audio/733.mp3,Mad About You by Yair Yona. genre: Jazz.,train,-1,[],4.3,5.0,45.0
deam_734,hugo_droopy_contini,data/raw/deam/audio/734.mp3,Sandu by Hugo 'Droopy' Contini. genre: Jazz.,test,-1,[],5.7,6.3,45.0
deam_735,revolution_void,data/raw/deam/audio/735.mp3,Invisible Walls by Revolution Void. genre: Jazz.,train,-1,[],4.3,4.9,45.0
deam_736,kevin_macleod_night_on_the_docks,data/raw/deam/audio/736.mp3,Sax by Kevin MacLeod-Night on the Docks. genre: Jazz.,train,-1,[],2.7,3.7,45.0
deam_737,dj_harrison,data/raw/deam/audio/737.mp3,Some Other Place by DJ Harrison. genre: Jazz.,test,-1,[],4.1,4.9,45.0
deam_738,the_underscore_orkestra,data/raw/deam/audio/738.mp3,Blue Draggish by The Underscore Orkestra. genre: Jazz.,train,-1,[],5.5,6.2,45.0
deam_739,quantum_jazz,data/raw/deam/audio/739.mp3,Balcarabic Chicken by Quantum Jazz. genre: Jazz.,train,-1,[],6.2,6.9,45.0
deam_740,gilad_atzmon,data/raw/deam/audio/740.mp3,Futoristico by Gilad Atzmon. genre: Jazz.,train,-1,[],3.7,4.0,45.0
deam_741,the_underscore_orkestra,data/raw/deam/audio/741.mp3,Broken String by The Underscore Orkestra. genre: Jazz.,train,-1,[],4.6,4.4,45.0
deam_742,oprachina_oprachina,data/raw/deam/audio/742.mp3,Nitro by OPRACHINA-Oprachina. genre: Jazz.,train,-1,[],6.1,6.5,45.0
deam_743,blue_swerver,data/raw/deam/audio/743.mp3,Tasky by Blue Swerver. genre: Jazz.,train,-1,[],3.1,5.0,45.0
deam_744,thiago_fran_a,data/raw/deam/audio/744.mp3,Capadócia by Thiago França. genre: Jazz.,train,-1,[],6.1,5.5,45.0
deam_745,kreng,data/raw/deam/audio/745.mp3,Maia by Kreng. genre: Jazz.,test,-1,[],4.2,1.6,45.0
deam_746,the_moonlighters,data/raw/deam/audio/746.mp3,My Blackbirds Are Bluebirds Now by The Moonlighters. genre: Jazz.,train,-1,[],3.7,4.6,45.0
deam_747,stephan_siebert_auf,data/raw/deam/audio/747.mp3,bruch by Stephan Siebert-auf. genre: Jazz.,train,-1,[],3.6,4.9,45.0
deam_748,dirty_beaches,data/raw/deam/audio/748.mp3,Night City by Dirty Beaches. genre: Jazz.,val,-1,[],5.1,4.4,45.0
deam_749,slumgum,data/raw/deam/audio/749.mp3,Big Fun (New Ruckus) by Slumgum. genre: Jazz.,train,-1,[],4.2,4.9,45.0
deam_750,ben_holmes_and_patrick_farrell,data/raw/deam/audio/750.mp3,Street Song  Honga by Ben Holmes and Patrick Farrell. genre: Jazz.,train,-1,[],5.3,5.7,45.0
deam_756,plurabelle,data/raw/deam/audio/756.mp3,Lips by Plurabelle. genre: Pop.,train,-1,[],5.9,6.8,45.0
deam_757,kurt_vile,data/raw/deam/audio/757.mp3,Freeway by Kurt Vile. genre: Pop.,test,-1,[],6.0,6.1,45.0
deam_758,ghostandthesong,data/raw/deam/audio/758.mp3,Ou Inme by ghostandthesong. genre: Pop.,test,-1,[],4.8,5.9,45.0
deam_759,lame_drivers,data/raw/deam/audio/759.mp3,Frozen Egg by Lame Drivers. genre: Pop.,test,-1,[],6.7,5.9,45.0
deam_763,jahzzar,data/raw/deam/audio/763.mp3,Siesta by Jahzzar. genre: Pop.,train,-1,[],3.5,5.5,45.0
deam_764,sleeping_policemen,data/raw/deam/audio/764.mp3,Vogelbird by Sleeping Policemen. genre: Pop.,train,-1,[],6.3,7.5,45.0
deam_767,windom_earle,data/raw/deam/audio/767.mp3,kirblooey by Windom Earle. genre: Pop.,train,-1,[],5.2,6.5,45.0
deam_769,amanda,data/raw/deam/audio/769.mp3,Chaos by AMANDA. genre: Pop.,train,-1,[],6.2,5.0,45.0
deam_773,u_s_girls,data/raw/deam/audio/773.mp3,The Island Song by U.S. Girls. genre: Pop.,train,-1,[],4.5,4.7,45.0
deam_775,ghost_hunter,data/raw/deam/audio/775.mp3,In The Early Months Of The Emergency by Ghost Hunter. genre: Pop.,train,-1,[],3.7,4.4,45.0
deam_776,ghost_hunter,data/raw/deam/audio/776.mp3,Through The Haze Of The Green Glasses by Ghost Hunter. genre: Pop.,train,-1,[],3.5,4.5,45.0
deam_777,the_strangers,data/raw/deam/audio/777.mp3,A Little Too Fast by The Strangers. genre: Pop.,train,-1,[],6.2,5.1,45.0
deam_779,macaw,data/raw/deam/audio/779.mp3,What Circle Where by Macaw. genre: Pop.,train,-1,[],2.8,5.3,45.0
deam_780,the_wildbunch,data/raw/deam/audio/780.mp3,Gay_Bar_videogame by The Wildbunch. genre: Pop.,train,-1,[],5.8,6.2,45.0
deam_781,delicate_steve,data/raw/deam/audio/781.mp3,Butterfly by Delicate Steve. genre: Pop.,train,-1,[],4.9,6.3,45.0
deam_782,the_strangers,data/raw/deam/audio/782.mp3,Who Are You by The Strangers. genre: Pop.,train,-1,[],7.2,4.7,45.0
deam_784,benjamin_bret,data/raw/deam/audio/784.mp3,Le Gateau Au Yaourt by Benjamin Bret. genre: Pop.,train,-1,[],4.7,5.7,45.0
deam_787,coverclub_nl_schotel_van_de_dag,data/raw/deam/audio/787.mp3,Ride The Tide by coverclub.nl-Schotel van de Dag. genre: Pop.,train,-1,[],6.1,6.3,45.0
deam_789,austin_leonard_jones,data/raw/deam/audio/789.mp3,No Slow Dancing by Austin Leonard Jones. genre: Pop.,train,-1,[],3.9,5.2,45.0
deam_790,sycamore_drive,data/raw/deam/audio/790.mp3,City Sounds by Sycamore Drive. genre: Pop.,train,-1,[],7.2,5.4,45.0
deam_791,lezet,data/raw/deam/audio/791.mp3,West Bank by Lezet. genre: Pop.,train,-1,[],2.7,4.6,45.0
deam_794,two_bicycles,data/raw/deam/audio/794.mp3,Window #3 by Two Bicycles. genre: Pop.,train,-1,[],2.5,4.2,45.0
deam_795,ergo_phizmiz,data/raw/deam/audio/795.mp3,Simon Cowell by Ergo Phizmiz. genre: Pop.,train,-1,[],2.2,3.5,45.0
deam_796,learning_music,data/raw/deam/audio/796.mp3,Ghost Transference by Learning Music. genre: Pop.,train,-1,[],5.2,5.1,45.0
deam_797,monday_night_fever,data/raw/deam/audio/797.mp3,Sunday Lovers by Monday Night Fever. genre: Pop.,train,-1,[],4.9,5.4,45.0
deam_798,casetofoane,data/raw/deam/audio/798.mp3,Waha by Casetofoane. genre: Pop.,train,-1,[],6.5,5.9,45.0
deam_799,ducktails,data/raw/deam/audio/799.mp3,Beach Point Pleasant by Ducktails. genre: Pop.,train,-1,[],4.1,5.6,45.0
deam_800,les_oreilles_quarante,data/raw/deam/audio/800.mp3,Cinq by Les Oreilles-Quarante. genre: Pop.,train,-1,[],4.5,4.5,45.0
deam_801,keshco,data/raw/deam/audio/801.mp3,Marty Feldman by Keshco. genre: Pop.,train,-1,[],3.3,3.5,45.0
deam_804,jahzzar,data/raw/deam/audio/804.mp3,Birthday Cake by Jahzzar. genre: Pop.,train,-1,[],6.9,6.8,45.0
deam_805,keshco,data/raw/deam/audio/805.mp3,Son Of A Systems Engineer Manager by Keshco. genre: Pop.,train,-1,[],2.2,3.5,45.0
deam_806,coverclub_nl_laura_vane_the_vipertones,data/raw/deam/audio/806.mp3,Christmas Day With Me by coverclub.nl-Laura Vane & the Vipertones. genre: Pop.,test,-1,[],6.4,6.6,45.0
deam_807,bj_rn_gorden,data/raw/deam/audio/807.mp3,Ftgrr by Björn & Gorden. genre: Pop.,train,-1,[],4.8,6.5,45.0
deam_808,greg_gibbs,data/raw/deam/audio/808.mp3,Lost by Greg Gibbs. genre: Pop.,train,-1,[],3.1,4.3,45.0
deam_810,los_amparito,data/raw/deam/audio/810.mp3,El barzón by Los Amparito. genre: Pop.,train,-1,[],6.5,6.6,45.0
deam_811,party_people_in_a_can,data/raw/deam/audio/811.mp3,Tourist Shooting Tar Balls by Party People in a Can. genre: Pop.,train,-1,[],4.1,4.9,45.0
deam_813,my_bubba_mi,data/raw/deam/audio/813.mp3,Wild & You by My Bubba & Mi. genre: Pop.,train,-1,[],6.2,6.7,45.0
deam_814,etc,data/raw/deam/audio/814.mp3,re bitterfly by etc.. genre: Pop.,train,-1,[],6.1,5.3,45.0
deam_815,plurabelle,data/raw/deam/audio/815.mp3,LightLivid by Plurabelle. genre: Pop.,train,-1,[],5.5,5.9,45.0
deam_818,mir_belle,data/raw/deam/audio/818.mp3,In Fielder by Miró Belle. genre: Pop.,train,-1,[],5.9,6.8,45.0
deam_819,ergo_phizmiz,data/raw/deam/audio/819.mp3,Tilly's Punctured Romancer by Ergo Phizmiz. genre: Pop.,train,-1,[],4.0,5.7,45.0
deam_820,plurabelle,data/raw/deam/audio/820.mp3,Wallflower by Plurabelle. genre: Pop.,train,-1,[],6.4,6.4,45.0
deam_823,gringo_star,data/raw/deam/audio/823.mp3,You Want It by Gringo Star. genre: Pop.,train,-1,[],4.8,4.8,45.0
deam_824,sycamore_drive,data/raw/deam/audio/824.mp3,Untold Story by Sycamore Drive. genre: Pop.,train,-1,[],7.2,7.0,45.0
deam_825,favors,data/raw/deam/audio/825.mp3,I Keep My Soul Alive with Different Kinds of Germs by FAVORS. genre: Pop.,val,-1,[],4.1,5.7,45.0
deam_826,dean_britta,data/raw/deam/audio/826.mp3,I'll Keep It With Mine by Dean & Britta. genre: Pop.,train,-1,[],4.0,4.7,45.0
deam_829,jahzzar,data/raw/deam/audio/829.mp3,Talk to me by Jahzzar. genre: Pop.,train,-1,[],2.3,4.5,45.0
deam_830,casetofoane,data/raw/deam/audio/830.mp3,Enel by Casetofoane. genre: Pop.,train,-1,[],5.3,5.9,45.0
deam_831,casetofoane,data/raw/deam/audio/831.mp3,Electrohood by Casetofoane. genre: Pop.,train,-1,[],5.2,6.2,45.0
deam_833,casetofoane,data/raw/deam/audio/833.mp3,Rocky 5000 by Casetofoane. genre: Pop.,train,-1,[],5.0,5.8,45.0
deam_834,keshco,data/raw/deam/audio/834.mp3,Fly By Night by Keshco. genre: Pop.,train,-1,[],4.7,4.3,45.0
deam_836,the_scallions,data/raw/deam/audio/836.mp3,Memories Are Made of This by The Scallions. genre: Pop.,train,-1,[],7.1,5.7,45.0
deam_839,ergo_phizmiz,data/raw/deam/audio/839.mp3,Fun With Petroleum by Ergo Phizmiz. genre: Pop.,train,-1,[],5.7,4.4,45.0
deam_841,kurt_vile,data/raw/deam/audio/841.mp3,Nicotine Blues by Kurt Vile. genre: Pop.,test,-1,[],4.2,4.7,45.0
deam_844,gustav_tax_n,data/raw/deam/audio/844.mp3,Wizball by Gustav Taxén. genre: Pop.,val,-1,[],3.8,3.4,45.0
deam_845,christian_vestergaard,data/raw/deam/audio/845.mp3,The Great Giana Sisters (Piano cover) by Christian Vestergaard. genre: Pop.,test,-1,[],5.1,4.0,45.0
deam_846,flora,data/raw/deam/audio/846.mp3,High Buildings by Flora. genre: Pop.,train,-1,[],6.0,5.5,45.0
deam_848,shirley_and_spinoza_half,data/raw/deam/audio/848.mp3,Eating Baby Lions Nightmare by Shirley and Spinoza-Half. genre: Pop.,val,-1,[],2.2,2.7,45.0
deam_850,ergo_phizmiz,data/raw/deam/audio/850.mp3,Strange Things by Ergo Phizmiz. genre: Pop.,train,-1,[],3.6,3.1,45.0
deam_851,how_how_tetrolux,data/raw/deam/audio/851.mp3,Etam Etamski by How How-Tetrolux. genre: Pop.,train,-1,[],5.0,4.4,45.0
deam_852,andrea_baroni,data/raw/deam/audio/852.mp3,Erebus (piano) by Andrea Baroni. genre: Pop.,val,-1,[],4.5,4.7,45.0
deam_854,my_bubba_mi,data/raw/deam/audio/854.mp3,Through & Through by My Bubba & Mi. genre: Pop.,train,-1,[],2.9,3.8,45.0
deam_855,the_family_simpson,data/raw/deam/audio/855.mp3,2 by The Family Simpson. genre: Pop.,train,-1,[],2.9,4.5,45.0
deam_856,sloan,data/raw/deam/audio/856.mp3,The Other Man by Sloan. genre: Pop.,test,-1,[],6.7,5.6,45.0
deam_857,charlotte_gainsbourg,data/raw/deam/audio/857.mp3,Trick Pony (Live @ KEXP) by Charlotte Gainsbourg. genre: Pop.,train,-1,[],4.9,5.3,45.0
deam_858,jahzzar,data/raw/deam/audio/858.mp3,Alive by Jahzzar. genre: Pop.,train,-1,[],4.4,4.5,45.0
deam_859,moonove,data/raw/deam/audio/859.mp3,Delta by Moonove. genre: Pop.,train,-1,[],3.6,5.1,45.0
deam_860,mrjuan,data/raw/deam/audio/860.mp3,Señor Bomba by MrJuan. genre: Pop.,train,-1,[],6.6,6.7,45.0
deam_863,computer_magic,data/raw/deam/audio/863.mp3,The End of Time by Computer Magic. genre: Pop.,val,-1,[],6.4,7.0,45.0
deam_864,jahzzar,data/raw/deam/audio/864.mp3,Polaroid by Jahzzar. genre: Pop.,train,-1,[],5.7,5.9,45.0
deam_865,the_mythics,data/raw/deam/audio/865.mp3,Love Me Like You by The Mythics. genre: Pop.,train,-1,[],2.8,4.6,45.0
deam_866,deerhoof,data/raw/deam/audio/866.mp3,Basket Ball Get Your Groove Back (Live @ KEXP) by Deerhoof. genre: Pop.,train,-1,[],5.8,5.1,45.0
deam_867,duda_nunes,data/raw/deam/audio/867.mp3,Saudades by Duda Nunes. genre: Pop.,test,-1,[],5.8,6.5,45.0
deam_869,plurabelle,data/raw/deam/audio/869.mp3,cuts&bruises by Plurabelle. genre: Pop.,train,-1,[],2.6,4.1,45.0
deam_871,sycamore_drive,data/raw/deam/audio/871.mp3,Deep Thought Process by Sycamore Drive. genre: Pop.,train,-1,[],6.4,6.0,45.0
deam_872,cranston,data/raw/deam/audio/872.mp3,Ticking Away by Cranston. genre: Pop.,train,-1,[],3.4,5.5,45.0
deam_873,yacht,data/raw/deam/audio/873.mp3,Summer Song (Instrumental) by YACHT. genre: Pop.,test,-1,[],6.8,7.0,45.0
deam_874,black_math,data/raw/deam/audio/874.mp3,This Love's Got to Change by Black Math. genre: Pop.,train,-1,[],6.3,4.4,45.0
deam_876,et,data/raw/deam/audio/876.mp3,Kopeika by et_. genre: Rock.,train,-1,[],6.3,6.7,45.0
deam_879,state_shirt,data/raw/deam/audio/879.mp3,Computer by State Shirt. genre: Rock.,train,-1,[],5.6,6.0,45.0
deam_880,hogan_grip,data/raw/deam/audio/880.mp3,Stance Gives You Balance by Hogan Grip. genre: Rock.,train,-1,[],4.9,3.8,45.0
deam_882,jahzzar,data/raw/deam/audio/882.mp3,The last ones by Jahzzar. genre: Rock.,train,-1,[],5.3,5.2,45.0
deam_884,ghost_hunter,data/raw/deam/audio/884.mp3,Old White Eye by Ghost Hunter. genre: Rock.,train,-1,[],5.5,5.0,45.0
deam_886,krackatoa,data/raw/deam/audio/886.mp3,Mariachi Bandits of Gatling Gun Ridge by krackatoa. genre: Rock.,train,-1,[],5.9,5.4,45.0
deam_887,kraus,data/raw/deam/audio/887.mp3,Happening for Lulu by Kraus. genre: Rock.,train,-1,[],5.1,5.6,45.0
deam_889,the_freak_fandango_orchestra,data/raw/deam/audio/889.mp3,Requiem for a Fish by The Freak Fandango Orchestra. genre: Rock.,train,-1,[],6.9,7.2,45.0
deam_890,holy_coast,data/raw/deam/audio/890.mp3,The Beach! The Beach! by Holy Coast. genre: Rock.,train,-1,[],3.6,4.7,45.0
deam_891,gillicuddy,data/raw/deam/audio/891.mp3,Jupiter The Blue by Gillicuddy. genre: Rock.,train,-1,[],3.4,5.5,45.0
deam_892,paneye,data/raw/deam/audio/892.mp3,North Sea Radio by Paneye. genre: Rock.,train,-1,[],3.9,2.9,45.0
deam_893,tyrannic_toy,data/raw/deam/audio/893.mp3,Blackroad by Tyrannic Toy. genre: Rock.,train,-1,[],7.3,3.3,45.0
deam_897,reed_blue_exteenager,data/raw/deam/audio/897.mp3,arriba by reed blue & exteenager. genre: Rock.,train,-1,[],4.9,4.3,45.0
deam_898,room_for_a_ghost,data/raw/deam/audio/898.mp3,No by Room For A Ghost. genre: Rock.,train,-1,[],6.4,5.5,45.0
deam_899,linus_akesson,data/raw/deam/audio/899.mp3,One Man And His Piano by Linus Akesson. genre: Rock.,train,-1,[],5.3,6.3,45.0
deam_902,arrogalla_remixes_dadub,data/raw/deam/audio/902.mp3,Naramiddu poita (feat by Arrogalla remixes Dadub. genre: Rock.,train,-1,[],7.0,3.3,45.0
deam_903,vivian_girls,data/raw/deam/audio/903.mp3,Wild Eyes (live @ WFMU) by Vivian Girls. genre: Rock.,test,-1,[],5.9,5.6,45.0
deam_904,krackatoa,data/raw/deam/audio/904.mp3,Something In the Woods by krackatoa. genre: Rock.,train,-1,[],5.7,4.2,45.0
deam_908,karen_cooper_complex,data/raw/deam/audio/908.mp3,You Can't Have It   Shinjuku Birdwalk by Karen Cooper Complex. genre: Rock.,train,-1,[],5.5,4.9,45.0
deam_909,juanitos,data/raw/deam/audio/909.mp3,Exotica by Juanitos. genre: Rock.,train,-1,[],6.0,5.5,45.0
deam_910,yacht,data/raw/deam/audio/910.mp3,Utopia (instrumental) by YACHT. genre: Rock.,test,-1,[],7.0,6.6,45.0
deam_911,original_innocence,data/raw/deam/audio/911.mp3,Jungle Law by Original Innocence. genre: Rock.,train,-1,[],7.1,4.0,45.0
deam_913,mountain_cult,data/raw/deam/audio/913.mp3,Untitled 06 by Mountain Cult. genre: Rock.,test,-1,[],4.8,3.3,45.0
deam_915,noi,data/raw/deam/audio/915.mp3,Everything Is Changing by Noi. genre: Rock.,train,-1,[],5.0,5.2,45.0
deam_921,juanitos,data/raw/deam/audio/921.mp3,Sambarama by Juanitos. genre: Rock.,train,-1,[],5.9,6.1,45.0
deam_924,juanitos,data/raw/deam/audio/924.mp3,Strange Italian Song by Juanitos. genre: Rock.,train,-1,[],5.4,6.2,45.0
deam_925,charles_atlas,data/raw/deam/audio/925.mp3,Photosphere by Charles Atlas. genre: Rock.,train,-1,[],4.9,5.7,45.0
deam_926,everlone,data/raw/deam/audio/926.mp3,Flying Alaska V by Everlone. genre: Rock.,train,-1,[],4.0,5.5,45.0
deam_928,waiters,data/raw/deam/audio/928.mp3,the  13 O' Clock in the Morning by Waiters. genre: Rock.,train,-1,[],5.0,4.0,45.0
deam_931,halloween,data/raw/deam/audio/931.mp3,Mickey Maos by Halloween. genre: Rock.,test,-1,[],6.3,6.5,45.0
deam_932,and_you_will_know_us_by_the_trail_of_dead,data/raw/deam/audio/932.mp3,Crowning Of A Heart (Live @ KEXP) by …And You Will Know Us By The Trail Of Dead. genre: Rock.,train,-1,[],4.5,4.9,45.0
deam_934,lame_drivers,data/raw/deam/audio/934.mp3,Other Side by Lame Drivers. genre: Rock.,test,-1,[],6.2,6.4,45.0
deam_936,dumbo_gets_mad,data/raw/deam/audio/936.mp3,Plumy Tale by Dumbo Gets Mad. genre: Rock.,train,-1,[],5.4,4.7,45.0
deam_938,milk_music,data/raw/deam/audio/938.mp3,Thrashing In The Unknown by Milk Music. genre: Rock.,val,-1,[],7.3,4.2,45.0
deam_939,richard_there,data/raw/deam/audio/939.mp3,You should go on by Richard There. genre: Rock.,val,-1,[],6.2,2.7,45.0
deam_941,morphamish_tekkerz,data/raw/deam/audio/941.mp3,Get My Fix (Morphamish Mix) by Morphamish+ Tekkerz. genre: Rock.,train,-1,[],7.2,5.9,45.0
deam_942,pajaro,data/raw/deam/audio/942.mp3,Santa Leone by Pajaro. genre: Rock.,train,-1,[],4.8,4.1,45.0
deam_944,shark,data/raw/deam/audio/944.mp3,Hey Grrl by Shark. genre: Rock.,train,-1,[],7.1,6.5,45.0
deam_945,the_ghost_of_29_megacycles,data/raw/deam/audio/945.mp3,Leelo (Part 1) by The Ghost Of 29 Megacycles. genre: Rock.,train,-1,[],2.3,2.8,45.0
deam_949,waylon_thornton,data/raw/deam/audio/949.mp3,Favorite Secrets by Waylon Thornton. genre: Rock.,test,-1,[],5.7,6.1,45.0
deam_952,glass_boy,data/raw/deam/audio/952.mp3,Monday at 12 by Glass Boy. genre: Rock.,val,-1,[],4.2,3.7,45.0
deam_954,doron_deutsch,data/raw/deam/audio/954.mp3,Bruce Lee (acoustic Jam) by Doron Deutsch. genre: Rock.,train,-1,[],5.1,5.5,45.0
deam_955,everlone,data/raw/deam/audio/955.mp3,Blind Eyes by Everlone. genre: Rock.,train,-1,[],3.8,5.6,45.0
deam_956,end_s_not_near,data/raw/deam/audio/956.mp3,Indian Summer by end's not near. genre: Rock.,train,-1,[],4.5,5.4,45.0
deam_957,un_automne_lob_nor,data/raw/deam/audio/957.mp3,boss A by un automne à Lob-Nor. genre: Rock.,test,-1,[],2.8,4.7,45.0
deam_958,trailblazer,data/raw/deam/audio/958.mp3,(Untitled 1) by Trailblazer. genre: Rock.,test,-1,[],5.5,5.1,45.0
deam_959,springtide,data/raw/deam/audio/959.mp3,Indyair by springtide. genre: Rock.,train,-1,[],6.2,6.4,45.0
deam_960,anamanaguchi,data/raw/deam/audio/960.mp3,Helix Nebula by Anamanaguchi. genre: Rock.,train,-1,[],7.7,7.7,45.0
deam_961,james_beaudreau,data/raw/deam/audio/961.mp3,Union Square by James Beaudreau. genre: Rock.,train,-1,[],5.6,5.5,45.0
deam_962,ice_age,data/raw/deam/audio/962.mp3,Rotting Heights by Ice Age. genre: Rock.,train,-1,[],7.4,3.4,45.0
deam_964,j_walker_the_crossguards,data/raw/deam/audio/964.mp3,Driftin' Around by J.Walker & The Crossguards. genre: Rock.,train,-1,[],7.6,7.0,45.0
deam_967,daniel_johnston,data/raw/deam/audio/967.mp3,I Had A Dream by Daniel Johnston. genre: Rock.,train,-1,[],2.8,4.4,45.0
deam_968,abe_sada_black,data/raw/deam/audio/968.mp3,Bar Trombone by Abe Sada-Black. genre: Rock.,test,-1,[],3.8,3.2,45.0
deam_970,pharaos,data/raw/deam/audio/970.mp3,The Pharaos' Theme by Pharaos. genre: Rock.,train,-1,[],6.6,6.6,45.0
deam_973,mount_carmel,data/raw/deam/audio/973.mp3,Swagg's & Elliot by Mount Carmel. genre: Rock.,train,-1,[],6.5,4.6,45.0
deam_974,karl_blau,data/raw/deam/audio/974.mp3,Crucial Contact by Karl Blau. genre: Rock.,train,-1,[],4.1,4.2,45.0
deam_976,glass_boy,data/raw/deam/audio/976.mp3,Merry Christmas by Glass Boy. genre: Rock.,val,-1,[],6.2,5.9,45.0
deam_977,black_math,data/raw/deam/audio/977.mp3,Suck City by Black Math. genre: Rock.,train,-1,[],7.3,3.5,45.0
deam_978,krackatoa,data/raw/deam/audio/978.mp3,Absolutely Gorgeous by krackatoa. genre: Rock.,train,-1,[],7.7,6.1,45.0
deam_979,rue_royale,data/raw/deam/audio/979.mp3,Deck the Halls by Rue Royale. genre: Rock.,test,-1,[],3.1,5.5,45.0
deam_980,mahjongg,data/raw/deam/audio/980.mp3,Tell The Police The Truth by Mahjongg. genre: Rock.,val,-1,[],5.8,4.3,45.0
deam_981,morphamish,data/raw/deam/audio/981.mp3,Bottums Up by Morphamish. genre: Rock.,train,-1,[],6.7,6.6,45.0
deam_983,yacht,data/raw/deam/audio/983.mp3,Tripped & Fell In Love (instrumental) by YACHT. genre: Rock.,test,-1,[],4.8,6.3,45.0
deam_985,beach_house,data/raw/deam/audio/985.mp3,Zebra (Live @ KEXP) by Beach House. genre: Rock.,train,-1,[],3.9,6.1,45.0
deam_986,suicide,data/raw/deam/audio/986.mp3,Girl by Suicide. genre: Rock.,val,-1,[],5.8,4.5,45.0
deam_987,jack_ruby,data/raw/deam/audio/987.mp3,Hit and Run by Jack Ruby. genre: Rock.,test,-1,[],6.3,3.6,45.0
deam_988,bluebrain,data/raw/deam/audio/988.mp3,The Pull by Bluebrain. genre: Rock.,train,-1,[],5.4,5.9,45.0
deam_989,vespre,data/raw/deam/audio/989.mp3,piste quatre by Vespre. genre: Rock.,train,-1,[],6.3,6.4,45.0
deam_990,jenifer_avila,data/raw/deam/audio/990.mp3,El Tranvía by Jenifer Avila. genre: Rock.,train,-1,[],6.0,6.1,45.0
deam_991,moore_sons,data/raw/deam/audio/991.mp3,Moving Away by Moore & Sons. genre: Rock.,train,-1,[],3.1,3.5,45.0
deam_993,hogan_grip,data/raw/deam/audio/993.mp3,Stance Gives You Power by Hogan Grip. genre: Rock.,train,-1,[],4.4,3.8,45.0
deam_994,morphamish_remixes_full_blush,data/raw/deam/audio/994.mp3,Engine #3 (Morphamish Remix) by Morphamish remixes Full Blush. genre: Rock.,val,-1,[],6.6,5.3,45.0
deam_995,benjamin_bret,data/raw/deam/audio/995.mp3,Honte De Toi by Benjamin Bret. genre: Rock.,train,-1,[],4.7,2.4,45.0
deam_996,jahzzar,data/raw/deam/audio/996.mp3,Fireworks by Jahzzar. genre: Rock.,train,-1,[],6.0,6.7,45.0
deam_997,halloween,data/raw/deam/audio/997.mp3,Monster On Campus by Halloween. genre: Rock.,test,-1,[],6.4,6.7,45.0
deam_999,jahzzar,data/raw/deam/audio/999.mp3,So Easy by Jahzzar. genre: Rock.,train,-1,[],4.1,5.9,45.0
deam_1000,republic_of_lights_got_you_surrounded,data/raw/deam/audio/1000.mp3,Single by Republic Of Lights-Got You Surrounded. genre: Rock.,train,-1,[],6.8,5.6,45.0
deam_1001,deam_unknown_1001,data/raw/deam/audio/1001.mp3,deam excerpt 1001,val,-1,[],4.4,3.8,45.0
deam_1002,deam_unknown_1002,data/raw/deam/audio/1002.mp3,deam excerpt 1002,test,-1,[],4.5,3.2,45.0
deam_1003,deam_unknown_1003,data/raw/deam/audio/1003.mp3,deam excerpt 1003,train,-1,[],5.3,3.3,45.0
deam_1004,deam_unknown_1004,data/raw/deam/audio/1004.mp3,deam excerpt 1004,val,-1,[],3.8,4.7,45.0
deam_1005,deam_unknown_1005,data/raw/deam/audio/1005.mp3,deam excerpt 1005,val,-1,[],5.4,5.1,45.0
deam_1006,deam_unknown_1006,data/raw/deam/audio/1006.mp3,deam excerpt 1006,val,-1,[],4.6,4.4,45.0
deam_1007,deam_unknown_1007,data/raw/deam/audio/1007.mp3,deam excerpt 1007,val,-1,[],5.2,5.4,45.0
deam_1008,deam_unknown_1008,data/raw/deam/audio/1008.mp3,deam excerpt 1008,train,-1,[],6.0,5.4,45.0
deam_1009,deam_unknown_1009,data/raw/deam/audio/1009.mp3,deam excerpt 1009,train,-1,[],3.5,3.7,45.0
deam_1010,deam_unknown_1010,data/raw/deam/audio/1010.mp3,deam excerpt 1010,train,-1,[],6.5,6.5,45.0
deam_1011,deam_unknown_1011,data/raw/deam/audio/1011.mp3,deam excerpt 1011,train,-1,[],4.5,3.0,45.0
deam_1012,deam_unknown_1012,data/raw/deam/audio/1012.mp3,deam excerpt 1012,train,-1,[],4.3,2.9,45.0
deam_1013,deam_unknown_1013,data/raw/deam/audio/1013.mp3,deam excerpt 1013,test,-1,[],3.2,3.5,45.0
deam_1014,deam_unknown_1014,data/raw/deam/audio/1014.mp3,deam excerpt 1014,train,-1,[],4.9,4.5,45.0
deam_1015,deam_unknown_1015,data/raw/deam/audio/1015.mp3,deam excerpt 1015,train,-1,[],5.9,6.3,45.0
deam_1016,deam_unknown_1016,data/raw/deam/audio/1016.mp3,deam excerpt 1016,train,-1,[],3.3,1.9,45.0
deam_1017,deam_unknown_1017,data/raw/deam/audio/1017.mp3,deam excerpt 1017,train,-1,[],4.1,3.8,45.0
deam_1018,deam_unknown_1018,data/raw/deam/audio/1018.mp3,deam excerpt 1018,val,-1,[],3.7,2.5,45.0
deam_1019,deam_unknown_1019,data/raw/deam/audio/1019.mp3,deam excerpt 1019,train,-1,[],4.3,2.8,45.0
deam_1020,deam_unknown_1020,data/raw/deam/audio/1020.mp3,deam excerpt 1020,train,-1,[],3.4,2.5,45.0
deam_1021,deam_unknown_1021,data/raw/deam/audio/1021.mp3,deam excerpt 1021,train,-1,[],6.2,4.8,45.0
deam_1022,deam_unknown_1022,data/raw/deam/audio/1022.mp3,deam excerpt 1022,test,-1,[],3.3,3.3,45.0
deam_1023,deam_unknown_1023,data/raw/deam/audio/1023.mp3,deam excerpt 1023,train,-1,[],2.9,2.3,45.0
deam_1024,deam_unknown_1024,data/raw/deam/audio/1024.mp3,deam excerpt 1024,train,-1,[],3.2,2.9,45.0
deam_1025,deam_unknown_1025,data/raw/deam/audio/1025.mp3,deam excerpt 1025,train,-1,[],5.1,6.1,45.0
deam_1026,deam_unknown_1026,data/raw/deam/audio/1026.mp3,deam excerpt 1026,train,-1,[],3.7,2.8,45.0
deam_1027,deam_unknown_1027,data/raw/deam/audio/1027.mp3,deam excerpt 1027,test,-1,[],4.6,3.8,45.0
deam_1028,deam_unknown_1028,data/raw/deam/audio/1028.mp3,deam excerpt 1028,test,-1,[],4.5,4.8,45.0
deam_1029,deam_unknown_1029,data/raw/deam/audio/1029.mp3,deam excerpt 1029,train,-1,[],3.9,4.5,45.0
deam_1030,deam_unknown_1030,data/raw/deam/audio/1030.mp3,deam excerpt 1030,val,-1,[],5.7,5.2,45.0
deam_1031,deam_unknown_1031,data/raw/deam/audio/1031.mp3,deam excerpt 1031,train,-1,[],4.8,5.0,45.0
deam_1032,deam_unknown_1032,data/raw/deam/audio/1032.mp3,deam excerpt 1032,val,-1,[],3.3,4.1,45.0
deam_1033,deam_unknown_1033,data/raw/deam/audio/1033.mp3,deam excerpt 1033,val,-1,[],5.3,5.6,45.0
deam_1034,deam_unknown_1034,data/raw/deam/audio/1034.mp3,deam excerpt 1034,train,-1,[],3.3,2.8,45.0
deam_1035,deam_unknown_1035,data/raw/deam/audio/1035.mp3,deam excerpt 1035,val,-1,[],4.3,4.2,45.0
deam_1036,deam_unknown_1036,data/raw/deam/audio/1036.mp3,deam excerpt 1036,train,-1,[],4.8,3.0,45.0
deam_1037,deam_unknown_1037,data/raw/deam/audio/1037.mp3,deam excerpt 1037,train,-1,[],5.0,4.4,45.0
deam_1038,deam_unknown_1038,data/raw/deam/audio/1038.mp3,deam excerpt 1038,train,-1,[],5.0,4.1,45.0
deam_1039,deam_unknown_1039,data/raw/deam/audio/1039.mp3,deam excerpt 1039,val,-1,[],6.3,4.6,45.0
deam_1040,deam_unknown_1040,data/raw/deam/audio/1040.mp3,deam excerpt 1040,val,-1,[],6.2,5.3,45.0
deam_1041,deam_unknown_1041,data/raw/deam/audio/1041.mp3,deam excerpt 1041,val,-1,[],5.6,5.4,45.0
deam_1042,deam_unknown_1042,data/raw/deam/audio/1042.mp3,deam excerpt 1042,test,-1,[],5.0,4.3,45.0
deam_1043,deam_unknown_1043,data/raw/deam/audio/1043.mp3,deam excerpt 1043,train,-1,[],4.9,5.0,45.0
deam_1044,deam_unknown_1044,data/raw/deam/audio/1044.mp3,deam excerpt 1044,test,-1,[],7.1,6.1,45.0
deam_1045,deam_unknown_1045,data/raw/deam/audio/1045.mp3,deam excerpt 1045,train,-1,[],4.4,3.1,45.0
deam_1046,deam_unknown_1046,data/raw/deam/audio/1046.mp3,deam excerpt 1046,train,-1,[],5.6,5.0,45.0
deam_1047,deam_unknown_1047,data/raw/deam/audio/1047.mp3,deam excerpt 1047,train,-1,[],5.3,4.4,45.0
deam_1048,deam_unknown_1048,data/raw/deam/audio/1048.mp3,deam excerpt 1048,test,-1,[],5.0,6.7,45.0
deam_1049,deam_unknown_1049,data/raw/deam/audio/1049.mp3,deam excerpt 1049,train,-1,[],5.3,6.7,45.0
deam_1050,deam_unknown_1050,data/raw/deam/audio/1050.mp3,deam excerpt 1050,val,-1,[],6.0,5.8,45.0
deam_1051,deam_unknown_1051,data/raw/deam/audio/1051.mp3,deam excerpt 1051,train,-1,[],5.2,5.3,45.0
deam_1052,deam_unknown_1052,data/raw/deam/audio/1052.mp3,deam excerpt 1052,val,-1,[],5.5,6.6,45.0
deam_1053,deam_unknown_1053,data/raw/deam/audio/1053.mp3,deam excerpt 1053,train,-1,[],4.5,6.3,45.0
deam_1054,deam_unknown_1054,data/raw/deam/audio/1054.mp3,deam excerpt 1054,train,-1,[],3.7,6.3,45.0
deam_1055,deam_unknown_1055,data/raw/deam/audio/1055.mp3,deam excerpt 1055,test,-1,[],3.7,6.3,45.0
deam_1056,deam_unknown_1056,data/raw/deam/audio/1056.mp3,deam excerpt 1056,test,-1,[],4.2,5.0,45.0
deam_1057,deam_unknown_1057,data/raw/deam/audio/1057.mp3,deam excerpt 1057,train,-1,[],4.7,7.1,45.0
deam_1058,deam_unknown_1058,data/raw/deam/audio/1058.mp3,deam excerpt 1058,train,-1,[],4.0,5.8,45.0
deam_1059,deam_unknown_1059,data/raw/deam/audio/1059.mp3,deam excerpt 1059,train,-1,[],4.7,7.5,45.0
deam_1060,deam_unknown_1060,data/raw/deam/audio/1060.mp3,deam excerpt 1060,train,-1,[],5.2,6.1,45.0
deam_1061,deam_unknown_1061,data/raw/deam/audio/1061.mp3,deam excerpt 1061,train,-1,[],6.5,6.2,45.0
deam_1062,deam_unknown_1062,data/raw/deam/audio/1062.mp3,deam excerpt 1062,train,-1,[],4.1,4.3,45.0
deam_1063,deam_unknown_1063,data/raw/deam/audio/1063.mp3,deam excerpt 1063,train,-1,[],5.2,6.4,45.0
deam_1064,deam_unknown_1064,data/raw/deam/audio/1064.mp3,deam excerpt 1064,train,-1,[],5.2,7.1,45.0
deam_1065,deam_unknown_1065,data/raw/deam/audio/1065.mp3,deam excerpt 1065,train,-1,[],6.0,6.4,45.0
deam_1066,deam_unknown_1066,data/raw/deam/audio/1066.mp3,deam excerpt 1066,train,-1,[],6.1,5.5,45.0
deam_1067,deam_unknown_1067,data/raw/deam/audio/1067.mp3,deam excerpt 1067,train,-1,[],4.0,3.4,45.0
deam_1068,deam_unknown_1068,data/raw/deam/audio/1068.mp3,deam excerpt 1068,val,-1,[],5.9,5.3,45.0
deam_1069,deam_unknown_1069,data/raw/deam/audio/1069.mp3,deam excerpt 1069,train,-1,[],4.3,5.6,45.0
deam_1070,deam_unknown_1070,data/raw/deam/audio/1070.mp3,deam excerpt 1070,train,-1,[],5.2,5.8,45.0
deam_1071,deam_unknown_1071,data/raw/deam/audio/1071.mp3,deam excerpt 1071,train,-1,[],6.5,5.3,45.0
deam_1072,deam_unknown_1072,data/raw/deam/audio/1072.mp3,deam excerpt 1072,train,-1,[],6.3,5.5,45.0
deam_1073,deam_unknown_1073,data/raw/deam/audio/1073.mp3,deam excerpt 1073,train,-1,[],5.2,3.8,45.0
deam_1074,deam_unknown_1074,data/raw/deam/audio/1074.mp3,deam excerpt 1074,train,-1,[],6.8,6.4,45.0
deam_1075,deam_unknown_1075,data/raw/deam/audio/1075.mp3,deam excerpt 1075,test,-1,[],6.4,6.6,45.0
deam_1076,deam_unknown_1076,data/raw/deam/audio/1076.mp3,deam excerpt 1076,test,-1,[],6.0,5.0,45.0
deam_1077,deam_unknown_1077,data/raw/deam/audio/1077.mp3,deam excerpt 1077,train,-1,[],6.4,4.8,45.0
deam_1078,deam_unknown_1078,data/raw/deam/audio/1078.mp3,deam excerpt 1078,test,-1,[],6.8,6.0,45.0
deam_1079,deam_unknown_1079,data/raw/deam/audio/1079.mp3,deam excerpt 1079,train,-1,[],6.9,5.6,45.0
deam_1080,deam_unknown_1080,data/raw/deam/audio/1080.mp3,deam excerpt 1080,test,-1,[],6.0,5.0,45.0
deam_1081,deam_unknown_1081,data/raw/deam/audio/1081.mp3,deam excerpt 1081,train,-1,[],5.0,3.5,45.0
deam_1082,deam_unknown_1082,data/raw/deam/audio/1082.mp3,deam excerpt 1082,train,-1,[],6.7,6.4,45.0
deam_1083,deam_unknown_1083,data/raw/deam/audio/1083.mp3,deam excerpt 1083,train,-1,[],6.1,6.6,45.0
deam_1084,deam_unknown_1084,data/raw/deam/audio/1084.mp3,deam excerpt 1084,val,-1,[],5.1,3.4,45.0
deam_1085,deam_unknown_1085,data/raw/deam/audio/1085.mp3,deam excerpt 1085,train,-1,[],6.1,5.2,45.0
deam_1086,deam_unknown_1086,data/raw/deam/audio/1086.mp3,deam excerpt 1086,val,-1,[],5.9,4.3,45.0
deam_1087,deam_unknown_1087,data/raw/deam/audio/1087.mp3,deam excerpt 1087,train,-1,[],6.0,6.4,45.0
deam_1088,deam_unknown_1088,data/raw/deam/audio/1088.mp3,deam excerpt 1088,train,-1,[],7.3,6.6,45.0
deam_1089,deam_unknown_1089,data/raw/deam/audio/1089.mp3,deam excerpt 1089,train,-1,[],6.4,6.6,45.0
deam_1090,deam_unknown_1090,data/raw/deam/audio/1090.mp3,deam excerpt 1090,test,-1,[],5.6,6.6,45.0
deam_1091,deam_unknown_1091,data/raw/deam/audio/1091.mp3,deam excerpt 1091,train,-1,[],5.7,5.8,45.0
deam_1092,deam_unknown_1092,data/raw/deam/audio/1092.mp3,deam excerpt 1092,train,-1,[],5.8,6.3,45.0
deam_1093,deam_unknown_1093,data/raw/deam/audio/1093.mp3,deam excerpt 1093,train,-1,[],5.8,6.0,45.0
deam_1094,deam_unknown_1094,data/raw/deam/audio/1094.mp3,deam excerpt 1094,train,-1,[],6.4,6.3,45.0
deam_1095,deam_unknown_1095,data/raw/deam/audio/1095.mp3,deam excerpt 1095,train,-1,[],6.2,6.2,45.0
deam_1096,deam_unknown_1096,data/raw/deam/audio/1096.mp3,deam excerpt 1096,val,-1,[],3.8,3.6,45.0
deam_1097,deam_unknown_1097,data/raw/deam/audio/1097.mp3,deam excerpt 1097,train,-1,[],5.5,5.4,45.0
deam_1098,deam_unknown_1098,data/raw/deam/audio/1098.mp3,deam excerpt 1098,train,-1,[],6.8,6.3,45.0
deam_1099,deam_unknown_1099,data/raw/deam/audio/1099.mp3,deam excerpt 1099,train,-1,[],5.7,5.9,45.0
deam_1100,deam_unknown_1100,data/raw/deam/audio/1100.mp3,deam excerpt 1100,train,-1,[],6.3,5.6,45.0
deam_1101,deam_unknown_1101,data/raw/deam/audio/1101.mp3,deam excerpt 1101,train,-1,[],3.7,2.4,45.0
deam_1102,deam_unknown_1102,data/raw/deam/audio/1102.mp3,deam excerpt 1102,train,-1,[],2.3,4.5,45.0
deam_1103,deam_unknown_1103,data/raw/deam/audio/1103.mp3,deam excerpt 1103,train,-1,[],3.6,3.5,45.0
deam_1104,deam_unknown_1104,data/raw/deam/audio/1104.mp3,deam excerpt 1104,train,-1,[],4.2,4.4,45.0
deam_1105,deam_unknown_1105,data/raw/deam/audio/1105.mp3,deam excerpt 1105,train,-1,[],3.8,3.7,45.0
deam_1106,deam_unknown_1106,data/raw/deam/audio/1106.mp3,deam excerpt 1106,train,-1,[],3.0,3.9,45.0
deam_1107,deam_unknown_1107,data/raw/deam/audio/1107.mp3,deam excerpt 1107,train,-1,[],3.0,3.2,45.0
deam_1108,deam_unknown_1108,data/raw/deam/audio/1108.mp3,deam excerpt 1108,train,-1,[],4.8,3.7,45.0
deam_1109,deam_unknown_1109,data/raw/deam/audio/1109.mp3,deam excerpt 1109,val,-1,[],4.2,2.4,45.0
deam_1110,deam_unknown_1110,data/raw/deam/audio/1110.mp3,deam excerpt 1110,train,-1,[],5.1,5.4,45.0
deam_1111,deam_unknown_1111,data/raw/deam/audio/1111.mp3,deam excerpt 1111,train,-1,[],3.2,2.9,45.0
deam_1112,deam_unknown_1112,data/raw/deam/audio/1112.mp3,deam excerpt 1112,train,-1,[],3.1,2.3,45.0
deam_1113,deam_unknown_1113,data/raw/deam/audio/1113.mp3,deam excerpt 1113,train,-1,[],3.4,3.0,45.0
deam_1114,deam_unknown_1114,data/raw/deam/audio/1114.mp3,deam excerpt 1114,val,-1,[],3.4,3.3,45.0
deam_1115,deam_unknown_1115,data/raw/deam/audio/1115.mp3,deam excerpt 1115,train,-1,[],4.4,3.9,45.0
deam_1116,deam_unknown_1116,data/raw/deam/audio/1116.mp3,deam excerpt 1116,train,-1,[],5.7,3.0,45.0
deam_1117,deam_unknown_1117,data/raw/deam/audio/1117.mp3,deam excerpt 1117,train,-1,[],4.2,3.4,45.0
deam_1118,deam_unknown_1118,data/raw/deam/audio/1118.mp3,deam excerpt 1118,train,-1,[],4.0,1.9,45.0
deam_1119,deam_unknown_1119,data/raw/deam/audio/1119.mp3,deam excerpt 1119,train,-1,[],3.4,2.1,45.0
deam_1120,deam_unknown_1120,data/raw/deam/audio/1120.mp3,deam excerpt 1120,train,-1,[],3.4,2.8,45.0
deam_1121,deam_unknown_1121,data/raw/deam/audio/1121.mp3,deam excerpt 1121,train,-1,[],3.9,2.3,45.0
deam_1122,deam_unknown_1122,data/raw/deam/audio/1122.mp3,deam excerpt 1122,test,-1,[],6.8,5.4,45.0
deam_1123,deam_unknown_1123,data/raw/deam/audio/1123.mp3,deam excerpt 1123,test,-1,[],3.1,3.1,45.0
deam_1124,deam_unknown_1124,data/raw/deam/audio/1124.mp3,deam excerpt 1124,train,-1,[],5.4,5.1,45.0
deam_1125,deam_unknown_1125,data/raw/deam/audio/1125.mp3,deam excerpt 1125,test,-1,[],4.9,3.0,45.0
deam_1126,deam_unknown_1126,data/raw/deam/audio/1126.mp3,deam excerpt 1126,train,-1,[],3.9,3.2,45.0
deam_1127,deam_unknown_1127,data/raw/deam/audio/1127.mp3,deam excerpt 1127,train,-1,[],3.4,3.0,45.0
deam_1128,deam_unknown_1128,data/raw/deam/audio/1128.mp3,deam excerpt 1128,train,-1,[],3.7,2.7,45.0
deam_1129,deam_unknown_1129,data/raw/deam/audio/1129.mp3,deam excerpt 1129,train,-1,[],3.5,2.4,45.0
deam_1130,deam_unknown_1130,data/raw/deam/audio/1130.mp3,deam excerpt 1130,train,-1,[],3.8,3.1,45.0
deam_1131,deam_unknown_1131,data/raw/deam/audio/1131.mp3,deam excerpt 1131,train,-1,[],4.5,3.4,45.0
deam_1132,deam_unknown_1132,data/raw/deam/audio/1132.mp3,deam excerpt 1132,train,-1,[],4.6,3.4,45.0
deam_1133,deam_unknown_1133,data/raw/deam/audio/1133.mp3,deam excerpt 1133,train,-1,[],5.0,2.4,45.0
deam_1134,deam_unknown_1134,data/raw/deam/audio/1134.mp3,deam excerpt 1134,train,-1,[],4.1,2.1,45.0
deam_1135,deam_unknown_1135,data/raw/deam/audio/1135.mp3,deam excerpt 1135,val,-1,[],3.1,2.7,45.0
deam_1136,deam_unknown_1136,data/raw/deam/audio/1136.mp3,deam excerpt 1136,train,-1,[],4.5,3.4,45.0
deam_1137,deam_unknown_1137,data/raw/deam/audio/1137.mp3,deam excerpt 1137,train,-1,[],4.3,4.2,45.0
deam_1138,deam_unknown_1138,data/raw/deam/audio/1138.mp3,deam excerpt 1138,train,-1,[],4.4,3.7,45.0
deam_1139,deam_unknown_1139,data/raw/deam/audio/1139.mp3,deam excerpt 1139,train,-1,[],5.1,2.5,45.0
deam_1140,deam_unknown_1140,data/raw/deam/audio/1140.mp3,deam excerpt 1140,train,-1,[],5.9,5.4,45.0
deam_1141,deam_unknown_1141,data/raw/deam/audio/1141.mp3,deam excerpt 1141,train,-1,[],4.5,3.6,45.0
deam_1142,deam_unknown_1142,data/raw/deam/audio/1142.mp3,deam excerpt 1142,test,-1,[],3.2,2.1,45.0
deam_1143,deam_unknown_1143,data/raw/deam/audio/1143.mp3,deam excerpt 1143,train,-1,[],3.8,5.1,45.0
deam_1144,deam_unknown_1144,data/raw/deam/audio/1144.mp3,deam excerpt 1144,val,-1,[],3.7,4.6,45.0
deam_1145,deam_unknown_1145,data/raw/deam/audio/1145.mp3,deam excerpt 1145,train,-1,[],4.7,2.4,45.0
deam_1146,deam_unknown_1146,data/raw/deam/audio/1146.mp3,deam excerpt 1146,train,-1,[],2.6,3.4,45.0
deam_1147,deam_unknown_1147,data/raw/deam/audio/1147.mp3,deam excerpt 1147,train,-1,[],4.6,3.6,45.0
deam_1148,deam_unknown_1148,data/raw/deam/audio/1148.mp3,deam excerpt 1148,train,-1,[],3.4,3.0,45.0
deam_1149,deam_unknown_1149,data/raw/deam/audio/1149.mp3,deam excerpt 1149,val,-1,[],4.0,2.6,45.0
deam_1150,deam_unknown_1150,data/raw/deam/audio/1150.mp3,deam excerpt 1150,test,-1,[],4.1,2.3,45.0
deam_1151,deam_unknown_1151,data/raw/deam/audio/1151.mp3,deam excerpt 1151,val,-1,[],5.0,5.6,45.0
deam_1152,deam_unknown_1152,data/raw/deam/audio/1152.mp3,deam excerpt 1152,val,-1,[],6.1,5.6,45.0
deam_1153,deam_unknown_1153,data/raw/deam/audio/1153.mp3,deam excerpt 1153,train,-1,[],3.9,2.5,45.0
deam_1154,deam_unknown_1154,data/raw/deam/audio/1154.mp3,deam excerpt 1154,test,-1,[],3.9,4.4,45.0
deam_1155,deam_unknown_1155,data/raw/deam/audio/1155.mp3,deam excerpt 1155,train,-1,[],4.2,4.3,45.0
deam_1156,deam_unknown_1156,data/raw/deam/audio/1156.mp3,deam excerpt 1156,val,-1,[],7.0,5.6,45.0
deam_1157,deam_unknown_1157,data/raw/deam/audio/1157.mp3,deam excerpt 1157,train,-1,[],6.9,6.1,45.0
deam_1158,deam_unknown_1158,data/raw/deam/audio/1158.mp3,deam excerpt 1158,train,-1,[],6.2,6.2,45.0
deam_1159,deam_unknown_1159,data/raw/deam/audio/1159.mp3,deam excerpt 1159,test,-1,[],5.8,6.0,45.0
deam_1160,deam_unknown_1160,data/raw/deam/audio/1160.mp3,deam excerpt 1160,test,-1,[],6.4,5.4,45.0
deam_1161,deam_unknown_1161,data/raw/deam/audio/1161.mp3,deam excerpt 1161,train,-1,[],4.1,2.5,45.0
deam_1162,deam_unknown_1162,data/raw/deam/audio/1162.mp3,deam excerpt 1162,test,-1,[],3.6,3.8,45.0
deam_1163,deam_unknown_1163,data/raw/deam/audio/1163.mp3,deam excerpt 1163,train,-1,[],6.2,5.3,45.0
deam_1164,deam_unknown_1164,data/raw/deam/audio/1164.mp3,deam excerpt 1164,test,-1,[],3.6,3.1,45.0
deam_1165,deam_unknown_1165,data/raw/deam/audio/1165.mp3,deam excerpt 1165,test,-1,[],3.5,2.8,45.0
deam_1166,deam_unknown_1166,data/raw/deam/audio/1166.mp3,deam excerpt 1166,val,-1,[],4.6,3.3,45.0
deam_1167,deam_unknown_1167,data/raw/deam/audio/1167.mp3,deam excerpt 1167,val,-1,[],3.6,2.8,45.0
deam_1168,deam_unknown_1168,data/raw/deam/audio/1168.mp3,deam excerpt 1168,train,-1,[],4.4,3.3,45.0
deam_1169,deam_unknown_1169,data/raw/deam/audio/1169.mp3,deam excerpt 1169,train,-1,[],3.9,2.8,45.0
deam_1170,deam_unknown_1170,data/raw/deam/audio/1170.mp3,deam excerpt 1170,test,-1,[],3.1,2.1,45.0
deam_1171,deam_unknown_1171,data/raw/deam/audio/1171.mp3,deam excerpt 1171,train,-1,[],3.6,1.9,45.0
deam_1172,deam_unknown_1172,data/raw/deam/audio/1172.mp3,deam excerpt 1172,train,-1,[],3.9,2.5,45.0
deam_1173,deam_unknown_1173,data/raw/deam/audio/1173.mp3,deam excerpt 1173,train,-1,[],4.3,4.0,45.0
deam_1174,deam_unknown_1174,data/raw/deam/audio/1174.mp3,deam excerpt 1174,val,-1,[],3.6,3.3,45.0
deam_1175,deam_unknown_1175,data/raw/deam/audio/1175.mp3,deam excerpt 1175,train,-1,[],3.7,3.4,45.0
deam_1176,deam_unknown_1176,data/raw/deam/audio/1176.mp3,deam excerpt 1176,train,-1,[],4.9,2.7,45.0
deam_1177,deam_unknown_1177,data/raw/deam/audio/1177.mp3,deam excerpt 1177,test,-1,[],5.2,3.3,45.0
deam_1178,deam_unknown_1178,data/raw/deam/audio/1178.mp3,deam excerpt 1178,train,-1,[],4.9,4.5,45.0
deam_1179,deam_unknown_1179,data/raw/deam/audio/1179.mp3,deam excerpt 1179,val,-1,[],3.4,4.1,45.0
deam_1180,deam_unknown_1180,data/raw/deam/audio/1180.mp3,deam excerpt 1180,train,-1,[],3.3,2.6,45.0
deam_1181,deam_unknown_1181,data/raw/deam/audio/1181.mp3,deam excerpt 1181,train,-1,[],3.7,4.4,45.0
deam_1182,deam_unknown_1182,data/raw/deam/audio/1182.mp3,deam excerpt 1182,val,-1,[],2.7,2.2,45.0
deam_1183,deam_unknown_1183,data/raw/deam/audio/1183.mp3,deam excerpt 1183,train,-1,[],3.7,3.2,45.0
deam_1184,deam_unknown_1184,data/raw/deam/audio/1184.mp3,deam excerpt 1184,val,-1,[],4.2,2.3,45.0
deam_1185,deam_unknown_1185,data/raw/deam/audio/1185.mp3,deam excerpt 1185,train,-1,[],6.2,4.8,45.0
deam_1186,deam_unknown_1186,data/raw/deam/audio/1186.mp3,deam excerpt 1186,train,-1,[],3.7,1.9,45.0
deam_1187,deam_unknown_1187,data/raw/deam/audio/1187.mp3,deam excerpt 1187,train,-1,[],4.4,4.1,45.0
deam_1188,deam_unknown_1188,data/raw/deam/audio/1188.mp3,deam excerpt 1188,train,-1,[],4.7,3.3,45.0
deam_1189,deam_unknown_1189,data/raw/deam/audio/1189.mp3,deam excerpt 1189,train,-1,[],4.8,3.2,45.0
deam_1190,deam_unknown_1190,data/raw/deam/audio/1190.mp3,deam excerpt 1190,test,-1,[],3.5,2.2,45.0
deam_1191,deam_unknown_1191,data/raw/deam/audio/1191.mp3,deam excerpt 1191,train,-1,[],4.4,2.6,45.0
deam_1192,deam_unknown_1192,data/raw/deam/audio/1192.mp3,deam excerpt 1192,train,-1,[],3.7,2.9,45.0
deam_1193,deam_unknown_1193,data/raw/deam/audio/1193.mp3,deam excerpt 1193,train,-1,[],4.4,3.9,45.0
deam_1194,deam_unknown_1194,data/raw/deam/audio/1194.mp3,deam excerpt 1194,val,-1,[],3.4,2.5,45.0
deam_1195,deam_unknown_1195,data/raw/deam/audio/1195.mp3,deam excerpt 1195,test,-1,[],4.2,4.0,45.0
deam_1196,deam_unknown_1196,data/raw/deam/audio/1196.mp3,deam excerpt 1196,train,-1,[],3.8,2.7,45.0
deam_1197,deam_unknown_1197,data/raw/deam/audio/1197.mp3,deam excerpt 1197,train,-1,[],3.9,2.8,45.0
deam_1198,deam_unknown_1198,data/raw/deam/audio/1198.mp3,deam excerpt 1198,train,-1,[],3.5,1.8,45.0
deam_1199,deam_unknown_1199,data/raw/deam/audio/1199.mp3,deam excerpt 1199,train,-1,[],4.5,3.5,45.0
deam_1200,deam_unknown_1200,data/raw/deam/audio/1200.mp3,deam excerpt 1200,train,-1,[],3.2,3.6,45.0
deam_1201,deam_unknown_1201,data/raw/deam/audio/1201.mp3,deam excerpt 1201,test,-1,[],6.0,5.5,45.0
deam_1202,deam_unknown_1202,data/raw/deam/audio/1202.mp3,deam excerpt 1202,train,-1,[],4.1,2.7,45.0
deam_1203,deam_unknown_1203,data/raw/deam/audio/1203.mp3,deam excerpt 1203,train,-1,[],4.0,3.4,45.0
deam_1204,deam_unknown_1204,data/raw/deam/audio/1204.mp3,deam excerpt 1204,train,-1,[],6.6,5.5,45.0
deam_1205,deam_unknown_1205,data/raw/deam/audio/1205.mp3,deam excerpt 1205,train,-1,[],6.0,5.7,45.0
deam_1206,deam_unknown_1206,data/raw/deam/audio/1206.mp3,deam excerpt 1206,train,-1,[],5.1,5.8,45.0
deam_1207,deam_unknown_1207,data/raw/deam/audio/1207.mp3,deam excerpt 1207,train,-1,[],4.7,3.4,45.0
deam_1208,deam_unknown_1208,data/raw/deam/audio/1208.mp3,deam excerpt 1208,train,-1,[],6.2,4.6,45.0
deam_1209,deam_unknown_1209,data/raw/deam/audio/1209.mp3,deam excerpt 1209,train,-1,[],4.4,2.7,45.0
deam_1210,deam_unknown_1210,data/raw/deam/audio/1210.mp3,deam excerpt 1210,val,-1,[],3.8,2.4,45.0
deam_1211,deam_unknown_1211,data/raw/deam/audio/1211.mp3,deam excerpt 1211,val,-1,[],5.5,4.7,45.0
deam_1212,deam_unknown_1212,data/raw/deam/audio/1212.mp3,deam excerpt 1212,train,-1,[],3.5,2.7,45.0
deam_1213,deam_unknown_1213,data/raw/deam/audio/1213.mp3,deam excerpt 1213,val,-1,[],3.1,2.8,45.0
deam_1214,deam_unknown_1214,data/raw/deam/audio/1214.mp3,deam excerpt 1214,train,-1,[],6.2,5.3,45.0
deam_1215,deam_unknown_1215,data/raw/deam/audio/1215.mp3,deam excerpt 1215,train,-1,[],6.2,5.6,45.0
deam_1216,deam_unknown_1216,data/raw/deam/audio/1216.mp3,deam excerpt 1216,train,-1,[],5.5,5.3,45.0
deam_1217,deam_unknown_1217,data/raw/deam/audio/1217.mp3,deam excerpt 1217,train,-1,[],3.9,2.6,45.0
deam_1218,deam_unknown_1218,data/raw/deam/audio/1218.mp3,deam excerpt 1218,val,-1,[],3.9,4.1,45.0
deam_1219,deam_unknown_1219,data/raw/deam/audio/1219.mp3,deam excerpt 1219,train,-1,[],4.3,2.2,45.0
deam_1220,deam_unknown_1220,data/raw/deam/audio/1220.mp3,deam excerpt 1220,test,-1,[],3.6,2.2,45.0
deam_1221,deam_unknown_1221,data/raw/deam/audio/1221.mp3,deam excerpt 1221,train,-1,[],5.4,5.3,45.0
deam_1222,deam_unknown_1222,data/raw/deam/audio/1222.mp3,deam excerpt 1222,train,-1,[],4.1,3.2,45.0
deam_1223,deam_unknown_1223,data/raw/deam/audio/1223.mp3,deam excerpt 1223,test,-1,[],4.6,5.6,45.0
deam_1224,deam_unknown_1224,data/raw/deam/audio/1224.mp3,deam excerpt 1224,train,-1,[],6.2,6.8,45.0
deam_1225,deam_unknown_1225,data/raw/deam/audio/1225.mp3,deam excerpt 1225,val,-1,[],3.4,4.6,45.0
deam_1226,deam_unknown_1226,data/raw/deam/audio/1226.mp3,deam excerpt 1226,train,-1,[],3.9,3.8,45.0
deam_1227,deam_unknown_1227,data/raw/deam/audio/1227.mp3,deam excerpt 1227,val,-1,[],4.7,5.7,45.0
deam_1228,deam_unknown_1228,data/raw/deam/audio/1228.mp3,deam excerpt 1228,test,-1,[],5.4,3.3,45.0
deam_1229,deam_unknown_1229,data/raw/deam/audio/1229.mp3,deam excerpt 1229,train,-1,[],5.2,4.3,45.0
deam_1230,deam_unknown_1230,data/raw/deam/audio/1230.mp3,deam excerpt 1230,train,-1,[],5.3,3.7,45.0
deam_1231,deam_unknown_1231,data/raw/deam/audio/1231.mp3,deam excerpt 1231,val,-1,[],5.5,6.5,45.0
deam_1232,deam_unknown_1232,data/raw/deam/audio/1232.mp3,deam excerpt 1232,test,-1,[],6.9,6.3,45.0
deam_1233,deam_unknown_1233,data/raw/deam/audio/1233.mp3,deam excerpt 1233,train,-1,[],5.5,4.8,45.0
deam_1234,deam_unknown_1234,data/raw/deam/audio/1234.mp3,deam excerpt 1234,val,-1,[],4.6,3.0,45.0
deam_1235,deam_unknown_1235,data/raw/deam/audio/1235.mp3,deam excerpt 1235,test,-1,[],4.9,5.8,45.0
deam_1236,deam_unknown_1236,data/raw/deam/audio/1236.mp3,deam excerpt 1236,train,-1,[],4.5,4.9,45.0
deam_1237,deam_unknown_1237,data/raw/deam/audio/1237.mp3,deam excerpt 1237,train,-1,[],4.1,3.3,45.0
deam_1238,deam_unknown_1238,data/raw/deam/audio/1238.mp3,deam excerpt 1238,train,-1,[],5.5,5.1,45.0
deam_1239,deam_unknown_1239,data/raw/deam/audio/1239.mp3,deam excerpt 1239,train,-1,[],6.3,6.7,45.0
deam_1240,deam_unknown_1240,data/raw/deam/audio/1240.mp3,deam excerpt 1240,train,-1,[],2.7,2.6,45.0
deam_1241,deam_unknown_1241,data/raw/deam/audio/1241.mp3,deam excerpt 1241,train,-1,[],4.1,3.7,45.0
deam_1242,deam_unknown_1242,data/raw/deam/audio/1242.mp3,deam excerpt 1242,val,-1,[],4.7,4.3,45.0
deam_1243,deam_unknown_1243,data/raw/deam/audio/1243.mp3,deam excerpt 1243,train,-1,[],5.8,5.7,45.0
deam_1244,deam_unknown_1244,data/raw/deam/audio/1244.mp3,deam excerpt 1244,test,-1,[],4.6,3.7,45.0
deam_1245,deam_unknown_1245,data/raw/deam/audio/1245.mp3,deam excerpt 1245,train,-1,[],6.4,5.3,45.0
deam_1246,deam_unknown_1246,data/raw/deam/audio/1246.mp3,deam excerpt 1246,train,-1,[],4.5,3.1,45.0
deam_1247,deam_unknown_1247,data/raw/deam/audio/1247.mp3,deam excerpt 1247,train,-1,[],4.4,6.3,45.0
deam_1248,deam_unknown_1248,data/raw/deam/audio/1248.mp3,deam excerpt 1248,train,-1,[],3.7,3.0,45.0
deam_1249,deam_unknown_1249,data/raw/deam/audio/1249.mp3,deam excerpt 1249,train,-1,[],5.1,5.6,45.0
deam_1250,deam_unknown_1250,data/raw/deam/audio/1250.mp3,deam excerpt 1250,val,-1,[],7.0,7.4,45.0
deam_1251,deam_unknown_1251,data/raw/deam/audio/1251.mp3,deam excerpt 1251,val,-1,[],6.9,6.3,45.0
deam_1252,deam_unknown_1252,data/raw/deam/audio/1252.mp3,deam excerpt 1252,train,-1,[],5.2,5.1,45.0
deam_1253,deam_unknown_1253,data/raw/deam/audio/1253.mp3,deam excerpt 1253,train,-1,[],4.1,3.0,45.0
deam_1254,deam_unknown_1254,data/raw/deam/audio/1254.mp3,deam excerpt 1254,train,-1,[],4.7,6.2,45.0
deam_1255,deam_unknown_1255,data/raw/deam/audio/1255.mp3,deam excerpt 1255,test,-1,[],3.4,2.0,45.0
deam_1256,deam_unknown_1256,data/raw/deam/audio/1256.mp3,deam excerpt 1256,train,-1,[],5.7,5.5,45.0
deam_1257,deam_unknown_1257,data/raw/deam/audio/1257.mp3,deam excerpt 1257,test,-1,[],5.0,3.8,45.0
deam_1258,deam_unknown_1258,data/raw/deam/audio/1258.mp3,deam excerpt 1258,test,-1,[],5.7,5.6,45.0
deam_1259,deam_unknown_1259,data/raw/deam/audio/1259.mp3,deam excerpt 1259,train,-1,[],3.6,2.8,45.0
deam_1260,deam_unknown_1260,data/raw/deam/audio/1260.mp3,deam excerpt 1260,test,-1,[],7.2,6.5,45.0
deam_1261,deam_unknown_1261,data/raw/deam/audio/1261.mp3,deam excerpt 1261,train,-1,[],3.8,3.1,45.0
deam_1262,deam_unknown_1262,data/raw/deam/audio/1262.mp3,deam excerpt 1262,test,-1,[],4.5,4.8,45.0
deam_1263,deam_unknown_1263,data/raw/deam/audio/1263.mp3,deam excerpt 1263,train,-1,[],5.8,5.1,45.0
deam_1264,deam_unknown_1264,data/raw/deam/audio/1264.mp3,deam excerpt 1264,train,-1,[],4.6,3.6,45.0
deam_1265,deam_unknown_1265,data/raw/deam/audio/1265.mp3,deam excerpt 1265,test,-1,[],5.8,5.5,45.0
deam_1266,deam_unknown_1266,data/raw/deam/audio/1266.mp3,deam excerpt 1266,train,-1,[],5.6,5.1,45.0
deam_1267,deam_unknown_1267,data/raw/deam/audio/1267.mp3,deam excerpt 1267,train,-1,[],4.5,3.7,45.0
deam_1268,deam_unknown_1268,data/raw/deam/audio/1268.mp3,deam excerpt 1268,train,-1,[],5.3,3.7,45.0
deam_1269,deam_unknown_1269,data/raw/deam/audio/1269.mp3,deam excerpt 1269,test,-1,[],3.5,4.4,45.0
deam_1270,deam_unknown_1270,data/raw/deam/audio/1270.mp3,deam excerpt 1270,train,-1,[],4.6,5.3,45.0
deam_1271,deam_unknown_1271,data/raw/deam/audio/1271.mp3,deam excerpt 1271,train,-1,[],4.6,4.7,45.0
deam_1272,deam_unknown_1272,data/raw/deam/audio/1272.mp3,deam excerpt 1272,train,-1,[],4.0,3.2,45.0
deam_1273,deam_unknown_1273,data/raw/deam/audio/1273.mp3,deam excerpt 1273,train,-1,[],4.8,5.6,45.0
deam_1274,deam_unknown_1274,data/raw/deam/audio/1274.mp3,deam excerpt 1274,train,-1,[],6.0,5.4,45.0
deam_1275,deam_unknown_1275,data/raw/deam/audio/1275.mp3,deam excerpt 1275,val,-1,[],3.5,2.8,45.0
deam_1276,deam_unknown_1276,data/raw/deam/audio/1276.mp3,deam excerpt 1276,train,-1,[],4.8,5.5,45.0
deam_1277,deam_unknown_1277,data/raw/deam/audio/1277.mp3,deam excerpt 1277,test,-1,[],2.9,2.2,45.0
deam_1278,deam_unknown_1278,data/raw/deam/audio/1278.mp3,deam excerpt 1278,train,-1,[],5.1,4.1,45.0
deam_1279,deam_unknown_1279,data/raw/deam/audio/1279.mp3,deam excerpt 1279,val,-1,[],5.6,4.2,45.0
deam_1280,deam_unknown_1280,data/raw/deam/audio/1280.mp3,deam excerpt 1280,test,-1,[],5.9,5.4,45.0
deam_1281,deam_unknown_1281,data/raw/deam/audio/1281.mp3,deam excerpt 1281,train,-1,[],5.4,4.5,45.0
deam_1282,deam_unknown_1282,data/raw/deam/audio/1282.mp3,deam excerpt 1282,train,-1,[],6.8,6.4,45.0
deam_1283,deam_unknown_1283,data/raw/deam/audio/1283.mp3,deam excerpt 1283,val,-1,[],3.3,5.2,45.0
deam_1284,deam_unknown_1284,data/raw/deam/audio/1284.mp3,deam excerpt 1284,train,-1,[],6.3,6.6,45.0
deam_1285,deam_unknown_1285,data/raw/deam/audio/1285.mp3,deam excerpt 1285,val,-1,[],5.1,4.9,45.0
deam_1286,deam_unknown_1286,data/raw/deam/audio/1286.mp3,deam excerpt 1286,val,-1,[],3.8,3.0,45.0
deam_1287,deam_unknown_1287,data/raw/deam/audio/1287.mp3,deam excerpt 1287,train,-1,[],4.5,4.3,45.0
deam_1288,deam_unknown_1288,data/raw/deam/audio/1288.mp3,deam excerpt 1288,train,-1,[],5.2,3.4,45.0
deam_1289,deam_unknown_1289,data/raw/deam/audio/1289.mp3,deam excerpt 1289,train,-1,[],5.0,4.4,45.0
deam_1290,deam_unknown_1290,data/raw/deam/audio/1290.mp3,deam excerpt 1290,train,-1,[],6.6,6.6,45.0
deam_1291,deam_unknown_1291,data/raw/deam/audio/1291.mp3,deam excerpt 1291,train,-1,[],3.6,2.5,45.0
deam_1292,deam_unknown_1292,data/raw/deam/audio/1292.mp3,deam excerpt 1292,test,-1,[],5.6,5.2,45.0
deam_1293,deam_unknown_1293,data/raw/deam/audio/1293.mp3,deam excerpt 1293,test,-1,[],5.7,5.1,45.0
deam_1294,deam_unknown_1294,data/raw/deam/audio/1294.mp3,deam excerpt 1294,train,-1,[],5.9,5.5,45.0
deam_1295,deam_unknown_1295,data/raw/deam/audio/1295.mp3,deam excerpt 1295,train,-1,[],6.9,6.4,45.0
deam_1296,deam_unknown_1296,data/raw/deam/audio/1296.mp3,deam excerpt 1296,test,-1,[],5.0,5.9,45.0
deam_1297,deam_unknown_1297,data/raw/deam/audio/1297.mp3,deam excerpt 1297,test,-1,[],4.8,3.7,45.0
deam_1298,deam_unknown_1298,data/raw/deam/audio/1298.mp3,deam excerpt 1298,test,-1,[],6.9,5.6,45.0
deam_1299,deam_unknown_1299,data/raw/deam/audio/1299.mp3,deam excerpt 1299,test,-1,[],4.5,4.7,45.0
deam_1300,deam_unknown_1300,data/raw/deam/audio/1300.mp3,deam excerpt 1300,val,-1,[],6.0,4.5,45.0
deam_1301,deam_unknown_1301,data/raw/deam/audio/1301.mp3,deam excerpt 1301,train,-1,[],4.4,2.8,45.0
deam_1302,deam_unknown_1302,data/raw/deam/audio/1302.mp3,deam excerpt 1302,train,-1,[],4.4,3.8,45.0
deam_1303,deam_unknown_1303,data/raw/deam/audio/1303.mp3,deam excerpt 1303,train,-1,[],6.1,6.5,45.0
deam_1304,deam_unknown_1304,data/raw/deam/audio/1304.mp3,deam excerpt 1304,train,-1,[],5.2,6.3,45.0
deam_1305,deam_unknown_1305,data/raw/deam/audio/1305.mp3,deam excerpt 1305,train,-1,[],4.7,6.2,45.0
deam_1306,deam_unknown_1306,data/raw/deam/audio/1306.mp3,deam excerpt 1306,train,-1,[],5.3,5.3,45.0
deam_1307,deam_unknown_1307,data/raw/deam/audio/1307.mp3,deam excerpt 1307,train,-1,[],5.1,5.4,45.0
deam_1308,deam_unknown_1308,data/raw/deam/audio/1308.mp3,deam excerpt 1308,val,-1,[],5.8,5.3,45.0
deam_1309,deam_unknown_1309,data/raw/deam/audio/1309.mp3,deam excerpt 1309,train,-1,[],6.5,7.4,45.0
deam_1310,deam_unknown_1310,data/raw/deam/audio/1310.mp3,deam excerpt 1310,train,-1,[],5.1,4.4,45.0
deam_1311,deam_unknown_1311,data/raw/deam/audio/1311.mp3,deam excerpt 1311,val,-1,[],4.1,3.5,45.0
deam_1312,deam_unknown_1312,data/raw/deam/audio/1312.mp3,deam excerpt 1312,train,-1,[],5.3,4.0,45.0
deam_1313,deam_unknown_1313,data/raw/deam/audio/1313.mp3,deam excerpt 1313,train,-1,[],4.2,3.0,45.0
deam_1314,deam_unknown_1314,data/raw/deam/audio/1314.mp3,deam excerpt 1314,train,-1,[],4.1,4.1,45.0
deam_1315,deam_unknown_1315,data/raw/deam/audio/1315.mp3,deam excerpt 1315,test,-1,[],7.0,6.4,45.0
deam_1316,deam_unknown_1316,data/raw/deam/audio/1316.mp3,deam excerpt 1316,train,-1,[],5.2,4.0,45.0
deam_1317,deam_unknown_1317,data/raw/deam/audio/1317.mp3,deam excerpt 1317,val,-1,[],5.3,6.2,45.0
deam_1318,deam_unknown_1318,data/raw/deam/audio/1318.mp3,deam excerpt 1318,train,-1,[],4.8,4.3,45.0
deam_1319,deam_unknown_1319,data/raw/deam/audio/1319.mp3,deam excerpt 1319,train,-1,[],6.5,5.6,45.0
deam_1320,deam_unknown_1320,data/raw/deam/audio/1320.mp3,deam excerpt 1320,train,-1,[],3.8,6.5,45.0
deam_1321,deam_unknown_1321,data/raw/deam/audio/1321.mp3,deam excerpt 1321,train,-1,[],4.5,5.7,45.0
deam_1322,deam_unknown_1322,data/raw/deam/audio/1322.mp3,deam excerpt 1322,test,-1,[],6.5,5.5,45.0
deam_1323,deam_unknown_1323,data/raw/deam/audio/1323.mp3,deam excerpt 1323,train,-1,[],5.5,5.0,45.0
deam_1324,deam_unknown_1324,data/raw/deam/audio/1324.mp3,deam excerpt 1324,train,-1,[],6.1,6.7,45.0
deam_1325,deam_unknown_1325,data/raw/deam/audio/1325.mp3,deam excerpt 1325,test,-1,[],5.9,5.8,45.0
deam_1326,deam_unknown_1326,data/raw/deam/audio/1326.mp3,deam excerpt 1326,train,-1,[],6.1,5.0,45.0
deam_1327,deam_unknown_1327,data/raw/deam/audio/1327.mp3,deam excerpt 1327,train,-1,[],5.5,2.8,45.0
deam_1328,deam_unknown_1328,data/raw/deam/audio/1328.mp3,deam excerpt 1328,train,-1,[],4.4,2.7,45.0
deam_1329,deam_unknown_1329,data/raw/deam/audio/1329.mp3,deam excerpt 1329,val,-1,[],5.3,4.2,45.0
deam_1330,deam_unknown_1330,data/raw/deam/audio/1330.mp3,deam excerpt 1330,val,-1,[],5.7,7.2,45.0
deam_1331,deam_unknown_1331,data/raw/deam/audio/1331.mp3,deam excerpt 1331,train,-1,[],5.3,4.4,45.0
deam_1332,deam_unknown_1332,data/raw/deam/audio/1332.mp3,deam excerpt 1332,train,-1,[],2.5,2.3,45.0
deam_1333,deam_unknown_1333,data/raw/deam/audio/1333.mp3,deam excerpt 1333,train,-1,[],4.5,5.7,45.0
deam_1334,deam_unknown_1334,data/raw/deam/audio/1334.mp3,deam excerpt 1334,train,-1,[],3.8,7.8,45.0
deam_1335,deam_unknown_1335,data/raw/deam/audio/1335.mp3,deam excerpt 1335,train,-1,[],5.4,5.6,45.0
deam_1336,deam_unknown_1336,data/raw/deam/audio/1336.mp3,deam excerpt 1336,val,-1,[],3.6,2.7,45.0
deam_1337,deam_unknown_1337,data/raw/deam/audio/1337.mp3,deam excerpt 1337,test,-1,[],5.0,6.5,45.0
deam_1338,deam_unknown_1338,data/raw/deam/audio/1338.mp3,deam excerpt 1338,train,-1,[],6.2,6.4,45.0
deam_1339,deam_unknown_1339,data/raw/deam/audio/1339.mp3,deam excerpt 1339,train,-1,[],7.2,6.8,45.0
deam_1340,deam_unknown_1340,data/raw/deam/audio/1340.mp3,deam excerpt 1340,test,-1,[],6.4,5.7,45.0
deam_1341,deam_unknown_1341,data/raw/deam/audio/1341.mp3,deam excerpt 1341,train,-1,[],3.5,3.2,45.0
deam_1342,deam_unknown_1342,data/raw/deam/audio/1342.mp3,deam excerpt 1342,test,-1,[],6.5,6.4,45.0
deam_1343,deam_unknown_1343,data/raw/deam/audio/1343.mp3,deam excerpt 1343,train,-1,[],6.0,5.4,45.0
deam_1344,deam_unknown_1344,data/raw/deam/audio/1344.mp3,deam excerpt 1344,val,-1,[],6.3,5.5,45.0
deam_1345,deam_unknown_1345,data/raw/deam/audio/1345.mp3,deam excerpt 1345,train,-1,[],4.5,2.9,45.0
deam_1346,deam_unknown_1346,data/raw/deam/audio/1346.mp3,deam excerpt 1346,train,-1,[],6.5,5.6,45.0
deam_1347,deam_unknown_1347,data/raw/deam/audio/1347.mp3,deam excerpt 1347,train,-1,[],4.6,4.0,45.0
deam_1348,deam_unknown_1348,data/raw/deam/audio/1348.mp3,deam excerpt 1348,test,-1,[],5.8,6.3,45.0
deam_1349,deam_unknown_1349,data/raw/deam/audio/1349.mp3,deam excerpt 1349,val,-1,[],5.2,5.2,45.0
deam_1350,deam_unknown_1350,data/raw/deam/audio/1350.mp3,deam excerpt 1350,test,-1,[],4.0,2.6,45.0
deam_1351,deam_unknown_1351,data/raw/deam/audio/1351.mp3,deam excerpt 1351,train,-1,[],6.3,5.9,45.0
deam_1352,deam_unknown_1352,data/raw/deam/audio/1352.mp3,deam excerpt 1352,train,-1,[],6.7,6.4,45.0
deam_1353,deam_unknown_1353,data/raw/deam/audio/1353.mp3,deam excerpt 1353,val,-1,[],5.3,6.4,45.0
deam_1354,deam_unknown_1354,data/raw/deam/audio/1354.mp3,deam excerpt 1354,train,-1,[],4.6,2.0,45.0
deam_1355,deam_unknown_1355,data/raw/deam/audio/1355.mp3,deam excerpt 1355,train,-1,[],6.3,3.8,45.0
deam_1356,deam_unknown_1356,data/raw/deam/audio/1356.mp3,deam excerpt 1356,train,-1,[],5.2,5.2,45.0
deam_1357,deam_unknown_1357,data/raw/deam/audio/1357.mp3,deam excerpt 1357,train,-1,[],4.5,6.0,45.0
deam_1358,deam_unknown_1358,data/raw/deam/audio/1358.mp3,deam excerpt 1358,train,-1,[],6.0,6.0,45.0
deam_1359,deam_unknown_1359,data/raw/deam/audio/1359.mp3,deam excerpt 1359,test,-1,[],3.6,3.4,45.0
deam_1360,deam_unknown_1360,data/raw/deam/audio/1360.mp3,deam excerpt 1360,val,-1,[],5.5,2.9,45.0
deam_1361,deam_unknown_1361,data/raw/deam/audio/1361.mp3,deam excerpt 1361,train,-1,[],4.4,2.5,45.0
deam_1362,deam_unknown_1362,data/raw/deam/audio/1362.mp3,deam excerpt 1362,train,-1,[],4.4,5.4,45.0
deam_1363,deam_unknown_1363,data/raw/deam/audio/1363.mp3,deam excerpt 1363,train,-1,[],5.1,3.6,45.0
deam_1364,deam_unknown_1364,data/raw/deam/audio/1364.mp3,deam excerpt 1364,test,-1,[],4.3,6.2,45.0
deam_1365,deam_unknown_1365,data/raw/deam/audio/1365.mp3,deam excerpt 1365,train,-1,[],6.5,6.4,45.0
deam_1366,deam_unknown_1366,data/raw/deam/audio/1366.mp3,deam excerpt 1366,train,-1,[],5.4,6.3,45.0
deam_1367,deam_unknown_1367,data/raw/deam/audio/1367.mp3,deam excerpt 1367,train,-1,[],7.1,7.2,45.0
deam_1368,deam_unknown_1368,data/raw/deam/audio/1368.mp3,deam excerpt 1368,test,-1,[],3.4,3.3,45.0
deam_1369,deam_unknown_1369,data/raw/deam/audio/1369.mp3,deam excerpt 1369,test,-1,[],6.8,6.6,45.0
deam_1370,deam_unknown_1370,data/raw/deam/audio/1370.mp3,deam excerpt 1370,val,-1,[],4.3,4.1,45.0
deam_1371,deam_unknown_1371,data/raw/deam/audio/1371.mp3,deam excerpt 1371,test,-1,[],5.7,5.4,45.0
deam_1372,deam_unknown_1372,data/raw/deam/audio/1372.mp3,deam excerpt 1372,train,-1,[],4.8,5.2,45.0
deam_1373,deam_unknown_1373,data/raw/deam/audio/1373.mp3,deam excerpt 1373,train,-1,[],6.6,5.7,45.0
deam_1374,deam_unknown_1374,data/raw/deam/audio/1374.mp3,deam excerpt 1374,train,-1,[],6.0,4.1,45.0
deam_1375,deam_unknown_1375,data/raw/deam/audio/1375.mp3,deam excerpt 1375,train,-1,[],5.6,5.6,45.0
deam_1376,deam_unknown_1376,data/raw/deam/audio/1376.mp3,deam excerpt 1376,train,-1,[],7.0,6.6,45.0
deam_1377,deam_unknown_1377,data/raw/deam/audio/1377.mp3,deam excerpt 1377,val,-1,[],3.7,3.1,45.0
deam_1378,deam_unknown_1378,data/raw/deam/audio/1378.mp3,deam excerpt 1378,train,-1,[],5.5,5.7,45.0
deam_1379,deam_unknown_1379,data/raw/deam/audio/1379.mp3,deam excerpt 1379,train,-1,[],5.8,5.7,45.0
deam_1380,deam_unknown_1380,data/raw/deam/audio/1380.mp3,deam excerpt 1380,train,-1,[],4.1,4.5,45.0
deam_1381,deam_unknown_1381,data/raw/deam/audio/1381.mp3,deam excerpt 1381,val,-1,[],6.1,7.1,45.0
deam_1382,deam_unknown_1382,data/raw/deam/audio/1382.mp3,deam excerpt 1382,train,-1,[],4.8,4.7,45.0
deam_1383,deam_unknown_1383,data/raw/deam/audio/1383.mp3,deam excerpt 1383,train,-1,[],5.6,3.0,45.0
deam_1384,deam_unknown_1384,data/raw/deam/audio/1384.mp3,deam excerpt 1384,val,-1,[],5.8,5.4,45.0
deam_1385,deam_unknown_1385,data/raw/deam/audio/1385.mp3,deam excerpt 1385,train,-1,[],6.0,6.0,45.0
deam_1386,deam_unknown_1386,data/raw/deam/audio/1386.mp3,deam excerpt 1386,train,-1,[],5.9,5.0,45.0
deam_1387,deam_unknown_1387,data/raw/deam/audio/1387.mp3,deam excerpt 1387,train,-1,[],6.1,4.5,45.0
deam_1388,deam_unknown_1388,data/raw/deam/audio/1388.mp3,deam excerpt 1388,train,-1,[],6.8,7.8,45.0
deam_1389,deam_unknown_1389,data/raw/deam/audio/1389.mp3,deam excerpt 1389,val,-1,[],4.2,3.3,45.0
deam_1390,deam_unknown_1390,data/raw/deam/audio/1390.mp3,deam excerpt 1390,test,-1,[],6.1,6.3,45.0
deam_1391,deam_unknown_1391,data/raw/deam/audio/1391.mp3,deam excerpt 1391,test,-1,[],4.3,5.7,45.0
deam_1392,deam_unknown_1392,data/raw/deam/audio/1392.mp3,deam excerpt 1392,train,-1,[],6.2,6.7,45.0
deam_1393,deam_unknown_1393,data/raw/deam/audio/1393.mp3,deam excerpt 1393,val,-1,[],6.2,4.1,45.0
deam_1394,deam_unknown_1394,data/raw/deam/audio/1394.mp3,deam excerpt 1394,train,-1,[],6.0,4.1,45.0
deam_1395,deam_unknown_1395,data/raw/deam/audio/1395.mp3,deam excerpt 1395,test,-1,[],4.7,3.5,45.0
deam_1396,deam_unknown_1396,data/raw/deam/audio/1396.mp3,deam excerpt 1396,test,-1,[],6.1,6.0,45.0
deam_1397,deam_unknown_1397,data/raw/deam/audio/1397.mp3,deam excerpt 1397,test,-1,[],4.3,3.3,45.0
deam_1398,deam_unknown_1398,data/raw/deam/audio/1398.mp3,deam excerpt 1398,train,-1,[],6.9,7.6,45.0
deam_1399,deam_unknown_1399,data/raw/deam/audio/1399.mp3,deam excerpt 1399,test,-1,[],6.1,6.4,45.0
deam_1400,deam_unknown_1400,data/raw/deam/audio/1400.mp3,deam excerpt 1400,train,-1,[],5.6,5.8,45.0
deam_1401,deam_unknown_1401,data/raw/deam/audio/1401.mp3,deam excerpt 1401,test,-1,[],5.8,5.3,45.0
deam_1402,deam_unknown_1402,data/raw/deam/audio/1402.mp3,deam excerpt 1402,train,-1,[],5.6,2.5,45.0
deam_1403,deam_unknown_1403,data/raw/deam/audio/1403.mp3,deam excerpt 1403,train,-1,[],5.6,5.1,45.0
deam_1404,deam_unknown_1404,data/raw/deam/audio/1404.mp3,deam excerpt 1404,train,-1,[],3.8,2.7,45.0
deam_1405,deam_unknown_1405,data/raw/deam/audio/1405.mp3,deam excerpt 1405,val,-1,[],3.7,2.2,45.0
deam_1406,deam_unknown_1406,data/raw/deam/audio/1406.mp3,deam excerpt 1406,test,-1,[],3.9,3.7,45.0
deam_1407,deam_unknown_1407,data/raw/deam/audio/1407.mp3,deam excerpt 1407,train,-1,[],3.6,3.8,45.0
deam_1408,deam_unknown_1408,data/raw/deam/audio/1408.mp3,deam excerpt 1408,train,-1,[],4.2,5.0,45.0
deam_1409,deam_unknown_1409,data/raw/deam/audio/1409.mp3,deam excerpt 1409,train,-1,[],4.9,3.7,45.0
deam_1410,deam_unknown_1410,data/raw/deam/audio/1410.mp3,deam excerpt 1410,test,-1,[],6.0,4.4,45.0
deam_1411,deam_unknown_1411,data/raw/deam/audio/1411.mp3,deam excerpt 1411,test,-1,[],3.9,2.7,45.0
deam_1412,deam_unknown_1412,data/raw/deam/audio/1412.mp3,deam excerpt 1412,train,-1,[],4.6,3.2,45.0
deam_1413,deam_unknown_1413,data/raw/deam/audio/1413.mp3,deam excerpt 1413,train,-1,[],4.3,4.1,45.0
deam_1414,deam_unknown_1414,data/raw/deam/audio/1414.mp3,deam excerpt 1414,val,-1,[],3.7,4.0,45.0
deam_1415,deam_unknown_1415,data/raw/deam/audio/1415.mp3,deam excerpt 1415,test,-1,[],5.7,4.7,45.0
deam_1416,deam_unknown_1416,data/raw/deam/audio/1416.mp3,deam excerpt 1416,train,-1,[],4.4,2.7,45.0
deam_1417,deam_unknown_1417,data/raw/deam/audio/1417.mp3,deam excerpt 1417,train,-1,[],4.6,2.4,45.0
deam_1418,deam_unknown_1418,data/raw/deam/audio/1418.mp3,deam excerpt 1418,train,-1,[],4.3,3.8,45.0
deam_1419,deam_unknown_1419,data/raw/deam/audio/1419.mp3,deam excerpt 1419,train,-1,[],3.7,2.5,45.0
deam_1420,deam_unknown_1420,data/raw/deam/audio/1420.mp3,deam excerpt 1420,val,-1,[],4.8,3.1,45.0
deam_1421,deam_unknown_1421,data/raw/deam/audio/1421.mp3,deam excerpt 1421,train,-1,[],4.2,3.2,45.0
deam_1422,deam_unknown_1422,data/raw/deam/audio/1422.mp3,deam excerpt 1422,val,-1,[],4.1,2.8,45.0
deam_1423,deam_unknown_1423,data/raw/deam/audio/1423.mp3,deam excerpt 1423,train,-1,[],4.2,5.5,45.0
deam_1424,deam_unknown_1424,data/raw/deam/audio/1424.mp3,deam excerpt 1424,test,-1,[],4.5,3.5,45.0
deam_1425,deam_unknown_1425,data/raw/deam/audio/1425.mp3,deam excerpt 1425,train,-1,[],5.1,5.2,45.0
deam_1426,deam_unknown_1426,data/raw/deam/audio/1426.mp3,deam excerpt 1426,val,-1,[],6.6,6.4,45.0
deam_1427,deam_unknown_1427,data/raw/deam/audio/1427.mp3,deam excerpt 1427,train,-1,[],5.0,4.9,45.0
deam_1428,deam_unknown_1428,data/raw/deam/audio/1428.mp3,deam excerpt 1428,test,-1,[],4.7,3.5,45.0
deam_1429,deam_unknown_1429,data/raw/deam/audio/1429.mp3,deam excerpt 1429,train,-1,[],3.0,2.3,45.0
deam_1430,deam_unknown_1430,data/raw/deam/audio/1430.mp3,deam excerpt 1430,train,-1,[],4.6,3.2,45.0
deam_1431,deam_unknown_1431,data/raw/deam/audio/1431.mp3,deam excerpt 1431,train,-1,[],4.1,4.1,45.0
deam_1432,deam_unknown_1432,data/raw/deam/audio/1432.mp3,deam excerpt 1432,train,-1,[],3.7,2.6,45.0
deam_1433,deam_unknown_1433,data/raw/deam/audio/1433.mp3,deam excerpt 1433,train,-1,[],4.0,3.6,45.0
deam_1434,deam_unknown_1434,data/raw/deam/audio/1434.mp3,deam excerpt 1434,val,-1,[],3.7,2.8,45.0
deam_1435,deam_unknown_1435,data/raw/deam/audio/1435.mp3,deam excerpt 1435,train,-1,[],3.6,5.3,45.0
deam_1436,deam_unknown_1436,data/raw/deam/audio/1436.mp3,deam excerpt 1436,val,-1,[],4.7,3.8,45.0
deam_1437,deam_unknown_1437,data/raw/deam/audio/1437.mp3,deam excerpt 1437,train,-1,[],5.1,4.5,45.0
deam_1438,deam_unknown_1438,data/raw/deam/audio/1438.mp3,deam excerpt 1438,train,-1,[],3.6,2.9,45.0
deam_1439,deam_unknown_1439,data/raw/deam/audio/1439.mp3,deam excerpt 1439,train,-1,[],4.1,2.9,45.0
deam_1440,deam_unknown_1440,data/raw/deam/audio/1440.mp3,deam excerpt 1440,train,-1,[],5.1,4.9,45.0
deam_1441,deam_unknown_1441,data/raw/deam/audio/1441.mp3,deam excerpt 1441,val,-1,[],5.0,4.0,45.0
deam_1442,deam_unknown_1442,data/raw/deam/audio/1442.mp3,deam excerpt 1442,test,-1,[],5.3,2.8,45.0
deam_1443,deam_unknown_1443,data/raw/deam/audio/1443.mp3,deam excerpt 1443,val,-1,[],5.8,2.9,45.0
deam_1444,deam_unknown_1444,data/raw/deam/audio/1444.mp3,deam excerpt 1444,val,-1,[],4.6,3.1,45.0
deam_1445,deam_unknown_1445,data/raw/deam/audio/1445.mp3,deam excerpt 1445,val,-1,[],5.1,3.6,45.0
deam_1446,deam_unknown_1446,data/raw/deam/audio/1446.mp3,deam excerpt 1446,train,-1,[],5.8,3.2,45.0
deam_1447,deam_unknown_1447,data/raw/deam/audio/1447.mp3,deam excerpt 1447,val,-1,[],4.4,4.1,45.0
deam_1448,deam_unknown_1448,data/raw/deam/audio/1448.mp3,deam excerpt 1448,train,-1,[],4.4,4.4,45.0
deam_1449,deam_unknown_1449,data/raw/deam/audio/1449.mp3,deam excerpt 1449,train,-1,[],4.6,4.1,45.0
deam_1450,deam_unknown_1450,data/raw/deam/audio/1450.mp3,deam excerpt 1450,train,-1,[],5.7,5.0,45.0
deam_1451,deam_unknown_1451,data/raw/deam/audio/1451.mp3,deam excerpt 1451,val,-1,[],5.1,4.8,45.0
deam_1452,deam_unknown_1452,data/raw/deam/audio/1452.mp3,deam excerpt 1452,train,-1,[],4.2,3.9,45.0
deam_1453,deam_unknown_1453,data/raw/deam/audio/1453.mp3,deam excerpt 1453,train,-1,[],4.0,3.8,45.0
deam_1454,deam_unknown_1454,data/raw/deam/audio/1454.mp3,deam excerpt 1454,train,-1,[],5.2,3.6,45.0
deam_1455,deam_unknown_1455,data/raw/deam/audio/1455.mp3,deam excerpt 1455,train,-1,[],4.1,4.2,45.0
deam_1456,deam_unknown_1456,data/raw/deam/audio/1456.mp3,deam excerpt 1456,val,-1,[],4.3,2.2,45.0
deam_1457,deam_unknown_1457,data/raw/deam/audio/1457.mp3,deam excerpt 1457,train,-1,[],5.4,4.8,45.0
deam_1458,deam_unknown_1458,data/raw/deam/audio/1458.mp3,deam excerpt 1458,train,-1,[],4.2,4.7,45.0
deam_1459,deam_unknown_1459,data/raw/deam/audio/1459.mp3,deam excerpt 1459,train,-1,[],5.4,5.1,45.0
deam_1460,deam_unknown_1460,data/raw/deam/audio/1460.mp3,deam excerpt 1460,test,-1,[],4.8,3.9,45.0
deam_1461,deam_unknown_1461,data/raw/deam/audio/1461.mp3,deam excerpt 1461,train,-1,[],5.3,4.2,45.0
deam_1462,deam_unknown_1462,data/raw/deam/audio/1462.mp3,deam excerpt 1462,train,-1,[],4.8,3.9,45.0
deam_1463,deam_unknown_1463,data/raw/deam/audio/1463.mp3,deam excerpt 1463,train,-1,[],3.3,3.0,45.0
deam_1464,deam_unknown_1464,data/raw/deam/audio/1464.mp3,deam excerpt 1464,train,-1,[],4.8,4.4,45.0
deam_1465,deam_unknown_1465,data/raw/deam/audio/1465.mp3,deam excerpt 1465,test,-1,[],5.2,3.7,45.0
deam_1466,deam_unknown_1466,data/raw/deam/audio/1466.mp3,deam excerpt 1466,val,-1,[],6.1,4.5,45.0
deam_1467,deam_unknown_1467,data/raw/deam/audio/1467.mp3,deam excerpt 1467,test,-1,[],4.0,4.2,45.0
deam_1468,deam_unknown_1468,data/raw/deam/audio/1468.mp3,deam excerpt 1468,test,-1,[],3.7,2.0,45.0
deam_1469,deam_unknown_1469,data/raw/deam/audio/1469.mp3,deam excerpt 1469,test,-1,[],3.1,3.2,45.0
deam_1470,deam_unknown_1470,data/raw/deam/audio/1470.mp3,deam excerpt 1470,train,-1,[],5.1,3.2,45.0
deam_1471,deam_unknown_1471,data/raw/deam/audio/1471.mp3,deam excerpt 1471,train,-1,[],7.3,6.8,45.0
deam_1472,deam_unknown_1472,data/raw/deam/audio/1472.mp3,deam excerpt 1472,train,-1,[],5.0,5.2,45.0
deam_1473,deam_unknown_1473,data/raw/deam/audio/1473.mp3,deam excerpt 1473,train,-1,[],6.1,6.0,45.0
deam_1474,deam_unknown_1474,data/raw/deam/audio/1474.mp3,deam excerpt 1474,train,-1,[],6.6,6.4,45.0
deam_1475,deam_unknown_1475,data/raw/deam/audio/1475.mp3,deam excerpt 1475,train,-1,[],4.3,3.2,45.0
deam_1476,deam_unknown_1476,data/raw/deam/audio/1476.mp3,deam excerpt 1476,test,-1,[],4.5,5.1,45.0
deam_1477,deam_unknown_1477,data/raw/deam/audio/1477.mp3,deam excerpt 1477,train,-1,[],5.1,4.5,45.0
deam_1478,deam_unknown_1478,data/raw/deam/audio/1478.mp3,deam excerpt 1478,val,-1,[],5.1,3.5,45.0
deam_1479,deam_unknown_1479,data/raw/deam/audio/1479.mp3,deam excerpt 1479,train,-1,[],5.0,5.1,45.0
deam_1480,deam_unknown_1480,data/raw/deam/audio/1480.mp3,deam excerpt 1480,train,-1,[],4.8,5.3,45.0
deam_1481,deam_unknown_1481,data/raw/deam/audio/1481.mp3,deam excerpt 1481,train,-1,[],3.9,3.7,45.0
deam_1482,deam_unknown_1482,data/raw/deam/audio/1482.mp3,deam excerpt 1482,val,-1,[],4.3,3.4,45.0
deam_1483,deam_unknown_1483,data/raw/deam/audio/1483.mp3,deam excerpt 1483,test,-1,[],3.9,3.8,45.0
deam_1484,deam_unknown_1484,data/raw/deam/audio/1484.mp3,deam excerpt 1484,train,-1,[],4.4,3.8,45.0
deam_1485,deam_unknown_1485,data/raw/deam/audio/1485.mp3,deam excerpt 1485,train,-1,[],4.7,3.8,45.0
deam_1486,deam_unknown_1486,data/raw/deam/audio/1486.mp3,deam excerpt 1486,train,-1,[],3.7,2.9,45.0
deam_1487,deam_unknown_1487,data/raw/deam/audio/1487.mp3,deam excerpt 1487,val,-1,[],4.3,2.4,45.0
deam_1488,deam_unknown_1488,data/raw/deam/audio/1488.mp3,deam excerpt 1488,train,-1,[],4.9,3.9,45.0
deam_1489,deam_unknown_1489,data/raw/deam/audio/1489.mp3,deam excerpt 1489,train,-1,[],4.9,4.6,45.0
deam_1490,deam_unknown_1490,data/raw/deam/audio/1490.mp3,deam excerpt 1490,train,-1,[],3.8,3.1,45.0
deam_1491,deam_unknown_1491,data/raw/deam/audio/1491.mp3,deam excerpt 1491,test,-1,[],4.8,5.2,45.0
deam_1492,deam_unknown_1492,data/raw/deam/audio/1492.mp3,deam excerpt 1492,val,-1,[],3.3,2.8,45.0
deam_1493,deam_unknown_1493,data/raw/deam/audio/1493.mp3,deam excerpt 1493,val,-1,[],4.0,6.1,45.0
deam_1494,deam_unknown_1494,data/raw/deam/audio/1494.mp3,deam excerpt 1494,test,-1,[],4.9,3.8,45.0
deam_1495,deam_unknown_1495,data/raw/deam/audio/1495.mp3,deam excerpt 1495,train,-1,[],4.4,3.9,45.0
deam_1496,deam_unknown_1496,data/raw/deam/audio/1496.mp3,deam excerpt 1496,train,-1,[],6.1,5.8,45.0
deam_1497,deam_unknown_1497,data/raw/deam/audio/1497.mp3,deam excerpt 1497,train,-1,[],4.4,3.6,45.0
deam_1498,deam_unknown_1498,data/raw/deam/audio/1498.mp3,deam excerpt 1498,val,-1,[],4.8,3.8,45.0
deam_1499,deam_unknown_1499,data/raw/deam/audio/1499.mp3,deam excerpt 1499,train,-1,[],4.8,4.5,45.0
deam_1500,deam_unknown_1500,data/raw/deam/audio/1500.mp3,deam excerpt 1500,train,-1,[],3.8,3.2,45.0
deam_1501,deam_unknown_1501,data/raw/deam/audio/1501.mp3,deam excerpt 1501,train,-1,[],5.0,4.9,45.0
deam_1502,deam_unknown_1502,data/raw/deam/audio/1502.mp3,deam excerpt 1502,train,-1,[],7.2,7.0,45.0
deam_1503,deam_unknown_1503,data/raw/deam/audio/1503.mp3,deam excerpt 1503,train,-1,[],5.9,4.1,45.0
deam_1504,deam_unknown_1504,data/raw/deam/audio/1504.mp3,deam excerpt 1504,train,-1,[],6.0,5.9,45.0
deam_1505,deam_unknown_1505,data/raw/deam/audio/1505.mp3,deam excerpt 1505,val,-1,[],4.2,4.9,45.0
deam_1506,deam_unknown_1506,data/raw/deam/audio/1506.mp3,deam excerpt 1506,train,-1,[],5.0,4.8,45.0
deam_1507,deam_unknown_1507,data/raw/deam/audio/1507.mp3,deam excerpt 1507,test,-1,[],5.5,5.7,45.0
deam_1508,deam_unknown_1508,data/raw/deam/audio/1508.mp3,deam excerpt 1508,train,-1,[],5.9,5.3,45.0
deam_1509,deam_unknown_1509,data/raw/deam/audio/1509.mp3,deam excerpt 1509,val,-1,[],5.9,5.4,45.0
deam_1510,deam_unknown_1510,data/raw/deam/audio/1510.mp3,deam excerpt 1510,train,-1,[],4.1,5.6,45.0
deam_1511,deam_unknown_1511,data/raw/deam/audio/1511.mp3,deam excerpt 1511,train,-1,[],5.5,5.6,45.0
deam_1512,deam_unknown_1512,data/raw/deam/audio/1512.mp3,deam excerpt 1512,test,-1,[],3.8,5.2,45.0
deam_1513,deam_unknown_1513,data/raw/deam/audio/1513.mp3,deam excerpt 1513,train,-1,[],6.1,6.3,45.0
deam_1514,deam_unknown_1514,data/raw/deam/audio/1514.mp3,deam excerpt 1514,train,-1,[],4.6,5.4,45.0
deam_1515,deam_unknown_1515,data/raw/deam/audio/1515.mp3,deam excerpt 1515,val,-1,[],4.4,4.8,45.0
deam_1516,deam_unknown_1516,data/raw/deam/audio/1516.mp3,deam excerpt 1516,test,-1,[],5.6,4.9,45.0
deam_1517,deam_unknown_1517,data/raw/deam/audio/1517.mp3,deam excerpt 1517,train,-1,[],6.0,5.0,45.0
deam_1518,deam_unknown_1518,data/raw/deam/audio/1518.mp3,deam excerpt 1518,train,-1,[],6.1,6.3,45.0
deam_1519,deam_unknown_1519,data/raw/deam/audio/1519.mp3,deam excerpt 1519,train,-1,[],5.0,5.6,45.0
deam_1520,deam_unknown_1520,data/raw/deam/audio/1520.mp3,deam excerpt 1520,test,-1,[],5.3,5.3,45.0
deam_1521,deam_unknown_1521,data/raw/deam/audio/1521.mp3,deam excerpt 1521,val,-1,[],4.8,4.9,45.0
deam_1522,deam_unknown_1522,data/raw/deam/audio/1522.mp3,deam excerpt 1522,val,-1,[],5.2,5.7,45.0
deam_1523,deam_unknown_1523,data/raw/deam/audio/1523.mp3,deam excerpt 1523,train,-1,[],6.9,4.8,45.0
deam_1524,deam_unknown_1524,data/raw/deam/audio/1524.mp3,deam excerpt 1524,train,-1,[],5.6,4.4,45.0
deam_1525,deam_unknown_1525,data/raw/deam/audio/1525.mp3,deam excerpt 1525,train,-1,[],4.5,4.5,45.0
deam_1526,deam_unknown_1526,data/raw/deam/audio/1526.mp3,deam excerpt 1526,val,-1,[],5.9,5.9,45.0
deam_1527,deam_unknown_1527,data/raw/deam/audio/1527.mp3,deam excerpt 1527,train,-1,[],4.5,4.7,45.0
deam_1528,deam_unknown_1528,data/raw/deam/audio/1528.mp3,deam excerpt 1528,val,-1,[],5.5,4.6,45.0
deam_1529,deam_unknown_1529,data/raw/deam/audio/1529.mp3,deam excerpt 1529,train,-1,[],5.4,5.7,45.0
deam_1530,deam_unknown_1530,data/raw/deam/audio/1530.mp3,deam excerpt 1530,train,-1,[],6.2,4.2,45.0
deam_1531,deam_unknown_1531,data/raw/deam/audio/1531.mp3,deam excerpt 1531,train,-1,[],5.1,4.8,45.0
deam_1532,deam_unknown_1532,data/raw/deam/audio/1532.mp3,deam excerpt 1532,train,-1,[],5.8,5.6,45.0
deam_1533,deam_unknown_1533,data/raw/deam/audio/1533.mp3,deam excerpt 1533,val,-1,[],5.2,5.3,45.0
deam_1534,deam_unknown_1534,data/raw/deam/audio/1534.mp3,deam excerpt 1534,train,-1,[],5.7,5.7,45.0
deam_1535,deam_unknown_1535,data/raw/deam/audio/1535.mp3,deam excerpt 1535,train,-1,[],5.4,5.3,45.0
deam_1536,deam_unknown_1536,data/raw/deam/audio/1536.mp3,deam excerpt 1536,train,-1,[],4.8,3.4,45.0
deam_1537,deam_unknown_1537,data/raw/deam/audio/1537.mp3,deam excerpt 1537,train,-1,[],5.9,3.4,45.0
deam_1538,deam_unknown_1538,data/raw/deam/audio/1538.mp3,deam excerpt 1538,val,-1,[],6.3,4.7,45.0
deam_1539,deam_unknown_1539,data/raw/deam/audio/1539.mp3,deam excerpt 1539,val,-1,[],4.4,4.7,45.0
deam_1540,deam_unknown_1540,data/raw/deam/audio/1540.mp3,deam excerpt 1540,train,-1,[],5.7,5.1,45.0
deam_1541,deam_unknown_1541,data/raw/deam/audio/1541.mp3,deam excerpt 1541,train,-1,[],5.2,4.6,45.0
deam_1542,deam_unknown_1542,data/raw/deam/audio/1542.mp3,deam excerpt 1542,train,-1,[],5.5,5.5,45.0
deam_1543,deam_unknown_1543,data/raw/deam/audio/1543.mp3,deam excerpt 1543,train,-1,[],6.1,5.4,45.0
deam_1544,deam_unknown_1544,data/raw/deam/audio/1544.mp3,deam excerpt 1544,train,-1,[],6.4,5.4,45.0
deam_1545,deam_unknown_1545,data/raw/deam/audio/1545.mp3,deam excerpt 1545,train,-1,[],4.8,4.8,45.0
deam_1546,deam_unknown_1546,data/raw/deam/audio/1546.mp3,deam excerpt 1546,train,-1,[],5.3,4.4,45.0
deam_1547,deam_unknown_1547,data/raw/deam/audio/1547.mp3,deam excerpt 1547,train,-1,[],4.0,5.8,45.0
deam_1548,deam_unknown_1548,data/raw/deam/audio/1548.mp3,deam excerpt 1548,train,-1,[],4.6,3.7,45.0
deam_1549,deam_unknown_1549,data/raw/deam/audio/1549.mp3,deam excerpt 1549,train,-1,[],4.9,5.2,45.0
deam_1550,deam_unknown_1550,data/raw/deam/audio/1550.mp3,deam excerpt 1550,train,-1,[],4.8,3.7,45.0
deam_1551,deam_unknown_1551,data/raw/deam/audio/1551.mp3,deam excerpt 1551,train,-1,[],5.6,5.4,45.0
deam_1552,deam_unknown_1552,data/raw/deam/audio/1552.mp3,deam excerpt 1552,val,-1,[],5.6,5.6,45.0
deam_1553,deam_unknown_1553,data/raw/deam/audio/1553.mp3,deam excerpt 1553,val,-1,[],5.6,5.9,45.0
deam_1554,deam_unknown_1554,data/raw/deam/audio/1554.mp3,deam excerpt 1554,train,-1,[],5.8,4.5,45.0
deam_1555,deam_unknown_1555,data/raw/deam/audio/1555.mp3,deam excerpt 1555,train,-1,[],4.4,2.9,45.0
deam_1556,deam_unknown_1556,data/raw/deam/audio/1556.mp3,deam excerpt 1556,test,-1,[],4.7,6.1,45.0
deam_1557,deam_unknown_1557,data/raw/deam/audio/1557.mp3,deam excerpt 1557,train,-1,[],5.5,6.3,45.0
deam_1558,deam_unknown_1558,data/raw/deam/audio/1558.mp3,deam excerpt 1558,val,-1,[],3.4,5.9,45.0
deam_1559,deam_unknown_1559,data/raw/deam/audio/1559.mp3,deam excerpt 1559,train,-1,[],5.8,5.2,45.0
deam_1560,deam_unknown_1560,data/raw/deam/audio/1560.mp3,deam excerpt 1560,train,-1,[],5.2,5.2,45.0
deam_1561,deam_unknown_1561,data/raw/deam/audio/1561.mp3,deam excerpt 1561,train,-1,[],5.0,6.0,45.0
deam_1562,deam_unknown_1562,data/raw/deam/audio/1562.mp3,deam excerpt 1562,train,-1,[],4.8,6.3,45.0
deam_1563,deam_unknown_1563,data/raw/deam/audio/1563.mp3,deam excerpt 1563,train,-1,[],5.1,5.7,45.0
deam_1564,deam_unknown_1564,data/raw/deam/audio/1564.mp3,deam excerpt 1564,train,-1,[],6.1,6.4,45.0
deam_1565,deam_unknown_1565,data/raw/deam/audio/1565.mp3,deam excerpt 1565,train,-1,[],4.6,4.9,45.0
deam_1566,deam_unknown_1566,data/raw/deam/audio/1566.mp3,deam excerpt 1566,train,-1,[],6.2,5.3,45.0
deam_1567,deam_unknown_1567,data/raw/deam/audio/1567.mp3,deam excerpt 1567,test,-1,[],4.0,5.0,45.0
deam_1568,deam_unknown_1568,data/raw/deam/audio/1568.mp3,deam excerpt 1568,test,-1,[],5.4,6.0,45.0
deam_1569,deam_unknown_1569,data/raw/deam/audio/1569.mp3,deam excerpt 1569,test,-1,[],5.6,5.8,45.0
deam_1570,deam_unknown_1570,data/raw/deam/audio/1570.mp3,deam excerpt 1570,train,-1,[],5.2,4.6,45.0
deam_1571,deam_unknown_1571,data/raw/deam/audio/1571.mp3,deam excerpt 1571,train,-1,[],4.4,6.9,45.0
deam_1572,deam_unknown_1572,data/raw/deam/audio/1572.mp3,deam excerpt 1572,train,-1,[],5.5,5.0,45.0
deam_1573,deam_unknown_1573,data/raw/deam/audio/1573.mp3,deam excerpt 1573,val,-1,[],4.9,3.6,45.0
deam_1574,deam_unknown_1574,data/raw/deam/audio/1574.mp3,deam excerpt 1574,val,-1,[],5.9,5.4,45.0
deam_1575,deam_unknown_1575,data/raw/deam/audio/1575.mp3,deam excerpt 1575,train,-1,[],5.2,5.1,45.0
deam_1576,deam_unknown_1576,data/raw/deam/audio/1576.mp3,deam excerpt 1576,test,-1,[],5.4,3.9,45.0
deam_1577,deam_unknown_1577,data/raw/deam/audio/1577.mp3,deam excerpt 1577,test,-1,[],5.2,4.7,45.0
deam_1578,deam_unknown_1578,data/raw/deam/audio/1578.mp3,deam excerpt 1578,train,-1,[],5.9,4.8,45.0
deam_1579,deam_unknown_1579,data/raw/deam/audio/1579.mp3,deam excerpt 1579,train,-1,[],5.8,4.9,45.0
deam_1580,deam_unknown_1580,data/raw/deam/audio/1580.mp3,deam excerpt 1580,train,-1,[],6.1,5.2,45.0
deam_1581,deam_unknown_1581,data/raw/deam/audio/1581.mp3,deam excerpt 1581,train,-1,[],6.5,6.1,45.0
deam_1582,deam_unknown_1582,data/raw/deam/audio/1582.mp3,deam excerpt 1582,train,-1,[],5.9,5.4,45.0
deam_1583,deam_unknown_1583,data/raw/deam/audio/1583.mp3,deam excerpt 1583,train,-1,[],5.6,5.2,45.0
deam_1584,deam_unknown_1584,data/raw/deam/audio/1584.mp3,deam excerpt 1584,train,-1,[],4.9,4.6,45.0
deam_1585,deam_unknown_1585,data/raw/deam/audio/1585.mp3,deam excerpt 1585,val,-1,[],5.0,3.9,45.0
deam_1586,deam_unknown_1586,data/raw/deam/audio/1586.mp3,deam excerpt 1586,train,-1,[],4.3,5.0,45.0
deam_1587,deam_unknown_1587,data/raw/deam/audio/1587.mp3,deam excerpt 1587,train,-1,[],5.0,5.5,45.0
deam_1588,deam_unknown_1588,data/raw/deam/audio/1588.mp3,deam excerpt 1588,val,-1,[],4.9,5.8,45.0
deam_1589,deam_unknown_1589,data/raw/deam/audio/1589.mp3,deam excerpt 1589,train,-1,[],5.8,6.1,45.0
deam_1590,deam_unknown_1590,data/raw/deam/audio/1590.mp3,deam excerpt 1590,train,-1,[],4.2,6.2,45.0
deam_1591,deam_unknown_1591,data/raw/deam/audio/1591.mp3,deam excerpt 1591,train,-1,[],5.9,4.7,45.0
deam_1592,deam_unknown_1592,data/raw/deam/audio/1592.mp3,deam excerpt 1592,train,-1,[],6.1,6.4,45.0
deam_1593,deam_unknown_1593,data/raw/deam/audio/1593.mp3,deam excerpt 1593,train,-1,[],4.7,3.5,45.0
deam_1594,deam_unknown_1594,data/raw/deam/audio/1594.mp3,deam excerpt 1594,train,-1,[],5.6,5.4,45.0
deam_1595,deam_unknown_1595,data/raw/deam/audio/1595.mp3,deam excerpt 1595,train,-1,[],5.6,5.9,45.0
deam_1596,deam_unknown_1596,data/raw/deam/audio/1596.mp3,deam excerpt 1596,val,-1,[],5.5,5.1,45.0
deam_1597,deam_unknown_1597,data/raw/deam/audio/1597.mp3,deam excerpt 1597,test,-1,[],5.5,5.0,45.0
deam_1598,deam_unknown_1598,data/raw/deam/audio/1598.mp3,deam excerpt 1598,train,-1,[],4.3,5.5,45.0
deam_1599,deam_unknown_1599,data/raw/deam/audio/1599.mp3,deam excerpt 1599,train,-1,[],3.6,4.1,45.0
deam_1600,deam_unknown_1600,data/raw/deam/audio/1600.mp3,deam excerpt 1600,train,-1,[],5.6,5.6,45.0
deam_1601,deam_unknown_1601,data/raw/deam/audio/1601.mp3,deam excerpt 1601,train,-1,[],5.0,5.3,45.0
deam_1602,deam_unknown_1602,data/raw/deam/audio/1602.mp3,deam excerpt 1602,train,-1,[],5.0,3.7,45.0
deam_1603,deam_unknown_1603,data/raw/deam/audio/1603.mp3,deam excerpt 1603,test,-1,[],5.4,3.9,45.0
deam_1604,deam_unknown_1604,data/raw/deam/audio/1604.mp3,deam excerpt 1604,train,-1,[],4.5,3.6,45.0
deam_1605,deam_unknown_1605,data/raw/deam/audio/1605.mp3,deam excerpt 1605,val,-1,[],5.6,4.0,45.0
deam_1606,deam_unknown_1606,data/raw/deam/audio/1606.mp3,deam excerpt 1606,train,-1,[],5.6,4.9,45.0
deam_1607,deam_unknown_1607,data/raw/deam/audio/1607.mp3,deam excerpt 1607,train,-1,[],4.5,3.0,45.0
deam_1608,deam_unknown_1608,data/raw/deam/audio/1608.mp3,deam excerpt 1608,test,-1,[],4.5,7.0,45.0
deam_1609,deam_unknown_1609,data/raw/deam/audio/1609.mp3,deam excerpt 1609,val,-1,[],6.4,6.5,45.0
deam_1610,deam_unknown_1610,data/raw/deam/audio/1610.mp3,deam excerpt 1610,val,-1,[],6.4,4.1,45.0
deam_1611,deam_unknown_1611,data/raw/deam/audio/1611.mp3,deam excerpt 1611,train,-1,[],5.7,6.2,45.0
deam_1612,deam_unknown_1612,data/raw/deam/audio/1612.mp3,deam excerpt 1612,val,-1,[],3.8,3.1,45.0
deam_1613,deam_unknown_1613,data/raw/deam/audio/1613.mp3,deam excerpt 1613,val,-1,[],6.2,6.6,45.0
deam_1614,deam_unknown_1614,data/raw/deam/audio/1614.mp3,deam excerpt 1614,train,-1,[],6.6,4.6,45.0
deam_1615,deam_unknown_1615,data/raw/deam/audio/1615.mp3,deam excerpt 1615,test,-1,[],5.7,4.6,45.0
deam_1616,deam_unknown_1616,data/raw/deam/audio/1616.mp3,deam excerpt 1616,val,-1,[],4.8,5.5,45.0
deam_1617,deam_unknown_1617,data/raw/deam/audio/1617.mp3,deam excerpt 1617,train,-1,[],6.1,5.9,45.0
deam_1618,deam_unknown_1618,data/raw/deam/audio/1618.mp3,deam excerpt 1618,train,-1,[],6.1,3.9,45.0
deam_1619,deam_unknown_1619,data/raw/deam/audio/1619.mp3,deam excerpt 1619,train,-1,[],5.2,5.3,45.0
deam_1620,deam_unknown_1620,data/raw/deam/audio/1620.mp3,deam excerpt 1620,train,-1,[],6.3,5.7,45.0
deam_1621,deam_unknown_1621,data/raw/deam/audio/1621.mp3,deam excerpt 1621,train,-1,[],6.1,6.0,45.0
deam_1622,deam_unknown_1622,data/raw/deam/audio/1622.mp3,deam excerpt 1622,train,-1,[],6.0,5.9,45.0
deam_1623,deam_unknown_1623,data/raw/deam/audio/1623.mp3,deam excerpt 1623,train,-1,[],5.6,5.3,45.0
deam_1624,deam_unknown_1624,data/raw/deam/audio/1624.mp3,deam excerpt 1624,train,-1,[],5.7,6.4,45.0
deam_1625,deam_unknown_1625,data/raw/deam/audio/1625.mp3,deam excerpt 1625,train,-1,[],4.9,4.4,45.0
deam_1626,deam_unknown_1626,data/raw/deam/audio/1626.mp3,deam excerpt 1626,train,-1,[],6.1,6.0,45.0
deam_1627,deam_unknown_1627,data/raw/deam/audio/1627.mp3,deam excerpt 1627,val,-1,[],4.4,3.9,45.0
deam_1628,deam_unknown_1628,data/raw/deam/audio/1628.mp3,deam excerpt 1628,train,-1,[],4.7,4.8,45.0
deam_1629,deam_unknown_1629,data/raw/deam/audio/1629.mp3,deam excerpt 1629,val,-1,[],6.4,6.3,45.0
deam_1630,deam_unknown_1630,data/raw/deam/audio/1630.mp3,deam excerpt 1630,train,-1,[],6.0,5.4,45.0
deam_1631,deam_unknown_1631,data/raw/deam/audio/1631.mp3,deam excerpt 1631,test,-1,[],5.7,4.8,45.0
deam_1632,deam_unknown_1632,data/raw/deam/audio/1632.mp3,deam excerpt 1632,val,-1,[],5.2,3.4,45.0
deam_1633,deam_unknown_1633,data/raw/deam/audio/1633.mp3,deam excerpt 1633,train,-1,[],6.5,6.3,45.0
deam_1634,deam_unknown_1634,data/raw/deam/audio/1634.mp3,deam excerpt 1634,train,-1,[],5.5,6.1,45.0
deam_1635,deam_unknown_1635,data/raw/deam/audio/1635.mp3,deam excerpt 1635,train,-1,[],6.8,6.1,45.0
deam_1636,deam_unknown_1636,data/raw/deam/audio/1636.mp3,deam excerpt 1636,val,-1,[],4.6,5.2,45.0
deam_1637,deam_unknown_1637,data/raw/deam/audio/1637.mp3,deam excerpt 1637,val,-1,[],5.5,3.6,45.0
deam_1638,deam_unknown_1638,data/raw/deam/audio/1638.mp3,deam excerpt 1638,val,-1,[],5.9,3.9,45.0
deam_1639,deam_unknown_1639,data/raw/deam/audio/1639.mp3,deam excerpt 1639,train,-1,[],5.3,5.3,45.0
deam_1640,deam_unknown_1640,data/raw/deam/audio/1640.mp3,deam excerpt 1640,train,-1,[],6.6,6.1,45.0
deam_1641,deam_unknown_1641,data/raw/deam/audio/1641.mp3,deam excerpt 1641,test,-1,[],4.6,5.3,45.0
deam_1642,deam_unknown_1642,data/raw/deam/audio/1642.mp3,deam excerpt 1642,train,-1,[],5.1,4.9,45.0
deam_1643,deam_unknown_1643,data/raw/deam/audio/1643.mp3,deam excerpt 1643,train,-1,[],4.4,4.3,45.0
deam_1644,deam_unknown_1644,data/raw/deam/audio/1644.mp3,deam excerpt 1644,train,-1,[],5.0,5.9,45.0
deam_1645,deam_unknown_1645,data/raw/deam/audio/1645.mp3,deam excerpt 1645,train,-1,[],5.8,5.7,45.0
deam_1646,deam_unknown_1646,data/raw/deam/audio/1646.mp3,deam excerpt 1646,test,-1,[],4.5,3.7,45.0
deam_1647,deam_unknown_1647,data/raw/deam/audio/1647.mp3,deam excerpt 1647,train,-1,[],7.1,5.8,45.0
deam_1648,deam_unknown_1648,data/raw/deam/audio/1648.mp3,deam excerpt 1648,val,-1,[],3.9,2.5,45.0
deam_1649,deam_unknown_1649,data/raw/deam/audio/1649.mp3,deam excerpt 1649,train,-1,[],6.1,6.0,45.0
deam_1650,deam_unknown_1650,data/raw/deam/audio/1650.mp3,deam excerpt 1650,test,-1,[],5.9,4.7,45.0
deam_1651,deam_unknown_1651,data/raw/deam/audio/1651.mp3,deam excerpt 1651,train,-1,[],4.8,6.0,45.0
deam_1652,deam_unknown_1652,data/raw/deam/audio/1652.mp3,deam excerpt 1652,train,-1,[],7.2,6.3,45.0
deam_1653,deam_unknown_1653,data/raw/deam/audio/1653.mp3,deam excerpt 1653,test,-1,[],4.3,3.1,45.0
deam_1654,deam_unknown_1654,data/raw/deam/audio/1654.mp3,deam excerpt 1654,train,-1,[],4.8,3.1,45.0
deam_1655,deam_unknown_1655,data/raw/deam/audio/1655.mp3,deam excerpt 1655,val,-1,[],6.1,6.1,45.0
deam_1656,deam_unknown_1656,data/raw/deam/audio/1656.mp3,deam excerpt 1656,val,-1,[],4.7,4.0,45.0
deam_1657,deam_unknown_1657,data/raw/deam/audio/1657.mp3,deam excerpt 1657,train,-1,[],5.6,5.7,45.0
deam_1658,deam_unknown_1658,data/raw/deam/audio/1658.mp3,deam excerpt 1658,train,-1,[],6.2,5.9,45.0
deam_1659,deam_unknown_1659,data/raw/deam/audio/1659.mp3,deam excerpt 1659,train,-1,[],4.6,4.6,45.0
deam_1660,deam_unknown_1660,data/raw/deam/audio/1660.mp3,deam excerpt 1660,train,-1,[],5.2,5.5,45.0
deam_1661,deam_unknown_1661,data/raw/deam/audio/1661.mp3,deam excerpt 1661,val,-1,[],5.7,6.3,45.0
deam_1662,deam_unknown_1662,data/raw/deam/audio/1662.mp3,deam excerpt 1662,train,-1,[],6.1,6.0,45.0
deam_1663,deam_unknown_1663,data/raw/deam/audio/1663.mp3,deam excerpt 1663,train,-1,[],4.6,4.9,45.0
deam_1664,deam_unknown_1664,data/raw/deam/audio/1664.mp3,deam excerpt 1664,train,-1,[],4.2,4.0,45.0
deam_1665,deam_unknown_1665,data/raw/deam/audio/1665.mp3,deam excerpt 1665,train,-1,[],5.6,5.7,45.0
deam_1666,deam_unknown_1666,data/raw/deam/audio/1666.mp3,deam excerpt 1666,test,-1,[],3.8,3.3,45.0
deam_1667,deam_unknown_1667,data/raw/deam/audio/1667.mp3,deam excerpt 1667,train,-1,[],6.0,7.5,45.0
deam_1668,deam_unknown_1668,data/raw/deam/audio/1668.mp3,deam excerpt 1668,train,-1,[],5.5,5.5,45.0
deam_1669,deam_unknown_1669,data/raw/deam/audio/1669.mp3,deam excerpt 1669,val,-1,[],5.5,4.9,45.0
deam_1670,deam_unknown_1670,data/raw/deam/audio/1670.mp3,deam excerpt 1670,train,-1,[],5.9,5.4,45.0
deam_1671,deam_unknown_1671,data/raw/deam/audio/1671.mp3,deam excerpt 1671,val,-1,[],4.2,3.3,45.0
deam_1672,deam_unknown_1672,data/raw/deam/audio/1672.mp3,deam excerpt 1672,train,-1,[],4.4,2.6,45.0
deam_1673,deam_unknown_1673,data/raw/deam/audio/1673.mp3,deam excerpt 1673,train,-1,[],6.1,5.9,45.0
deam_1674,deam_unknown_1674,data/raw/deam/audio/1674.mp3,deam excerpt 1674,train,-1,[],5.0,5.3,45.0
deam_1675,deam_unknown_1675,data/raw/deam/audio/1675.mp3,deam excerpt 1675,train,-1,[],5.5,5.7,45.0
deam_1676,deam_unknown_1676,data/raw/deam/audio/1676.mp3,deam excerpt 1676,train,-1,[],5.6,4.9,45.0
deam_1677,deam_unknown_1677,data/raw/deam/audio/1677.mp3,deam excerpt 1677,test,-1,[],6.8,6.4,45.0
deam_1678,deam_unknown_1678,data/raw/deam/audio/1678.mp3,deam excerpt 1678,train,-1,[],5.1,4.2,45.0
deam_1679,deam_unknown_1679,data/raw/deam/audio/1679.mp3,deam excerpt 1679,val,-1,[],5.4,5.6,45.0
deam_1680,deam_unknown_1680,data/raw/deam/audio/1680.mp3,deam excerpt 1680,train,-1,[],6.8,6.1,45.0
deam_1681,deam_unknown_1681,data/raw/deam/audio/1681.mp3,deam excerpt 1681,train,-1,[],5.0,3.5,45.0
deam_1682,deam_unknown_1682,data/raw/deam/audio/1682.mp3,deam excerpt 1682,train,-1,[],6.1,5.8,45.0
deam_1683,deam_unknown_1683,data/raw/deam/audio/1683.mp3,deam excerpt 1683,test,-1,[],6.0,4.8,45.0
deam_1684,deam_unknown_1684,data/raw/deam/audio/1684.mp3,deam excerpt 1684,test,-1,[],5.1,5.0,45.0
deam_1685,deam_unknown_1685,data/raw/deam/audio/1685.mp3,deam excerpt 1685,train,-1,[],5.4,4.5,45.0
deam_1686,deam_unknown_1686,data/raw/deam/audio/1686.mp3,deam excerpt 1686,train,-1,[],3.7,3.3,45.0
deam_1687,deam_unknown_1687,data/raw/deam/audio/1687.mp3,deam excerpt 1687,train,-1,[],5.1,4.7,45.0
deam_1688,deam_unknown_1688,data/raw/deam/audio/1688.mp3,deam excerpt 1688,train,-1,[],5.2,4.7,45.0
deam_1689,deam_unknown_1689,data/raw/deam/audio/1689.mp3,deam excerpt 1689,train,-1,[],7.1,6.4,45.0
deam_1690,deam_unknown_1690,data/raw/deam/audio/1690.mp3,deam excerpt 1690,val,-1,[],5.4,4.6,45.0
deam_1691,deam_unknown_1691,data/raw/deam/audio/1691.mp3,deam excerpt 1691,train,-1,[],3.7,3.6,45.0
deam_1692,deam_unknown_1692,data/raw/deam/audio/1692.mp3,deam excerpt 1692,test,-1,[],3.8,3.3,45.0
deam_1693,deam_unknown_1693,data/raw/deam/audio/1693.mp3,deam excerpt 1693,train,-1,[],4.4,3.8,45.0
deam_1694,deam_unknown_1694,data/raw/deam/audio/1694.mp3,deam excerpt 1694,train,-1,[],4.5,6.1,45.0
deam_1695,deam_unknown_1695,data/raw/deam/audio/1695.mp3,deam excerpt 1695,train,-1,[],5.7,5.6,45.0
deam_1696,deam_unknown_1696,data/raw/deam/audio/1696.mp3,deam excerpt 1696,train,-1,[],3.8,3.3,45.0
deam_1697,deam_unknown_1697,data/raw/deam/audio/1697.mp3,deam excerpt 1697,train,-1,[],3.3,2.8,45.0
deam_1698,deam_unknown_1698,data/raw/deam/audio/1698.mp3,deam excerpt 1698,val,-1,[],4.5,4.5,45.0
deam_1699,deam_unknown_1699,data/raw/deam/audio/1699.mp3,deam excerpt 1699,test,-1,[],5.1,5.0,45.0
deam_1700,deam_unknown_1700,data/raw/deam/audio/1700.mp3,deam excerpt 1700,train,-1,[],5.6,5.0,45.0
deam_1701,deam_unknown_1701,data/raw/deam/audio/1701.mp3,deam excerpt 1701,train,-1,[],4.0,3.1,45.0
deam_1702,deam_unknown_1702,data/raw/deam/audio/1702.mp3,deam excerpt 1702,val,-1,[],4.1,3.9,45.0
deam_1703,deam_unknown_1703,data/raw/deam/audio/1703.mp3,deam excerpt 1703,test,-1,[],5.3,6.7,45.0
deam_1704,deam_unknown_1704,data/raw/deam/audio/1704.mp3,deam excerpt 1704,test,-1,[],5.3,6.4,45.0
deam_1705,deam_unknown_1705,data/raw/deam/audio/1705.mp3,deam excerpt 1705,train,-1,[],4.0,4.4,45.0
deam_1706,deam_unknown_1706,data/raw/deam/audio/1706.mp3,deam excerpt 1706,train,-1,[],4.9,4.0,45.0
deam_1707,deam_unknown_1707,data/raw/deam/audio/1707.mp3,deam excerpt 1707,train,-1,[],3.5,4.0,45.0
deam_1708,deam_unknown_1708,data/raw/deam/audio/1708.mp3,deam excerpt 1708,val,-1,[],4.2,3.6,45.0
deam_1709,deam_unknown_1709,data/raw/deam/audio/1709.mp3,deam excerpt 1709,test,-1,[],4.0,3.8,45.0
deam_1710,deam_unknown_1710,data/raw/deam/audio/1710.mp3,deam excerpt 1710,train,-1,[],3.6,2.9,45.0
deam_1711,deam_unknown_1711,data/raw/deam/audio/1711.mp3,deam excerpt 1711,train,-1,[],5.0,3.2,45.0
deam_1712,deam_unknown_1712,data/raw/deam/audio/1712.mp3,deam excerpt 1712,train,-1,[],4.4,2.9,45.0
deam_1713,deam_unknown_1713,data/raw/deam/audio/1713.mp3,deam excerpt 1713,train,-1,[],6.2,5.7,45.0
deam_1714,deam_unknown_1714,data/raw/deam/audio/1714.mp3,deam excerpt 1714,train,-1,[],6.1,4.0,45.0
deam_1715,deam_unknown_1715,data/raw/deam/audio/1715.mp3,deam excerpt 1715,train,-1,[],5.9,5.6,45.0
deam_1716,deam_unknown_1716,data/raw/deam/audio/1716.mp3,deam excerpt 1716,train,-1,[],5.8,5.4,45.0
deam_1717,deam_unknown_1717,data/raw/deam/audio/1717.mp3,deam excerpt 1717,train,-1,[],6.0,4.8,45.0
deam_1718,deam_unknown_1718,data/raw/deam/audio/1718.mp3,deam excerpt 1718,test,-1,[],4.7,3.5,45.0
deam_1719,deam_unknown_1719,data/raw/deam/audio/1719.mp3,deam excerpt 1719,train,-1,[],5.0,3.3,45.0
deam_1720,deam_unknown_1720,data/raw/deam/audio/1720.mp3,deam excerpt 1720,train,-1,[],7.5,6.0,45.0
deam_1721,deam_unknown_1721,data/raw/deam/audio/1721.mp3,deam excerpt 1721,test,-1,[],4.2,2.9,45.0
deam_1722,deam_unknown_1722,data/raw/deam/audio/1722.mp3,deam excerpt 1722,train,-1,[],5.0,3.1,45.0
deam_1723,deam_unknown_1723,data/raw/deam/audio/1723.mp3,deam excerpt 1723,test,-1,[],4.3,3.4,45.0
deam_1724,deam_unknown_1724,data/raw/deam/audio/1724.mp3,deam excerpt 1724,train,-1,[],3.7,3.3,45.0
deam_1725,deam_unknown_1725,data/raw/deam/audio/1725.mp3,deam excerpt 1725,val,-1,[],5.2,4.4,45.0
deam_1726,deam_unknown_1726,data/raw/deam/audio/1726.mp3,deam excerpt 1726,test,-1,[],4.6,3.2,45.0
deam_1727,deam_unknown_1727,data/raw/deam/audio/1727.mp3,deam excerpt 1727,test,-1,[],4.9,4.7,45.0
deam_1728,deam_unknown_1728,data/raw/deam/audio/1728.mp3,deam excerpt 1728,val,-1,[],3.1,4.7,45.0
deam_1729,deam_unknown_1729,data/raw/deam/audio/1729.mp3,deam excerpt 1729,train,-1,[],5.1,5.4,45.0
deam_1730,deam_unknown_1730,data/raw/deam/audio/1730.mp3,deam excerpt 1730,train,-1,[],5.3,3.9,45.0
deam_1731,deam_unknown_1731,data/raw/deam/audio/1731.mp3,deam excerpt 1731,train,-1,[],4.2,3.6,45.0
deam_1732,deam_unknown_1732,data/raw/deam/audio/1732.mp3,deam excerpt 1732,train,-1,[],4.2,3.0,45.0
deam_1733,deam_unknown_1733,data/raw/deam/audio/1733.mp3,deam excerpt 1733,train,-1,[],3.8,3.3,45.0
deam_1734,deam_unknown_1734,data/raw/deam/audio/1734.mp3,deam excerpt 1734,train,-1,[],5.1,5.2,45.0
deam_1735,deam_unknown_1735,data/raw/deam/audio/1735.mp3,deam excerpt 1735,train,-1,[],4.7,3.0,45.0
deam_1736,deam_unknown_1736,data/raw/deam/audio/1736.mp3,deam excerpt 1736,train,-1,[],4.7,3.1,45.0
deam_1737,deam_unknown_1737,data/raw/deam/audio/1737.mp3,deam excerpt 1737,test,-1,[],3.6,3.6,45.0
deam_1738,deam_unknown_1738,data/raw/deam/audio/1738.mp3,deam excerpt 1738,train,-1,[],2.8,4.8,45.0
deam_1739,deam_unknown_1739,data/raw/deam/audio/1739.mp3,deam excerpt 1739,train,-1,[],3.7,2.8,45.0
deam_1740,deam_unknown_1740,data/raw/deam/audio/1740.mp3,deam excerpt 1740,train,-1,[],5.3,4.3,45.0
deam_1741,deam_unknown_1741,data/raw/deam/audio/1741.mp3,deam excerpt 1741,train,-1,[],3.3,3.5,45.0
deam_1742,deam_unknown_1742,data/raw/deam/audio/1742.mp3,deam excerpt 1742,train,-1,[],6.8,5.1,45.0
deam_1743,deam_unknown_1743,data/raw/deam/audio/1743.mp3,deam excerpt 1743,train,-1,[],6.8,6.5,45.0
deam_1744,deam_unknown_1744,data/raw/deam/audio/1744.mp3,deam excerpt 1744,test,-1,[],4.9,4.3,45.0
deam_1745,deam_unknown_1745,data/raw/deam/audio/1745.mp3,deam excerpt 1745,train,-1,[],7.1,5.9,45.0
deam_1746,deam_unknown_1746,data/raw/deam/audio/1746.mp3,deam excerpt 1746,train,-1,[],5.7,4.8,45.0
deam_1747,deam_unknown_1747,data/raw/deam/audio/1747.mp3,deam excerpt 1747,train,-1,[],4.3,2.9,45.0
deam_1748,deam_unknown_1748,data/raw/deam/audio/1748.mp3,deam excerpt 1748,train,-1,[],5.4,4.1,45.0
deam_1749,deam_unknown_1749,data/raw/deam/audio/1749.mp3,deam excerpt 1749,train,-1,[],6.7,4.6,45.0
deam_1750,deam_unknown_1750,data/raw/deam/audio/1750.mp3,deam excerpt 1750,train,-1,[],4.7,5.3,45.0
deam_1751,deam_unknown_1751,data/raw/deam/audio/1751.mp3,deam excerpt 1751,test,-1,[],4.1,4.3,45.0
deam_1752,deam_unknown_1752,data/raw/deam/audio/1752.mp3,deam excerpt 1752,train,-1,[],5.5,6.1,45.0
deam_1753,deam_unknown_1753,data/raw/deam/audio/1753.mp3,deam excerpt 1753,train,-1,[],3.2,3.4,45.0
deam_1754,deam_unknown_1754,data/raw/deam/audio/1754.mp3,deam excerpt 1754,train,-1,[],4.2,2.4,45.0
deam_1755,deam_unknown_1755,data/raw/deam/audio/1755.mp3,deam excerpt 1755,train,-1,[],6.4,5.7,45.0
deam_1756,deam_unknown_1756,data/raw/deam/audio/1756.mp3,deam excerpt 1756,test,-1,[],4.4,3.9,45.0
deam_1757,deam_unknown_1757,data/raw/deam/audio/1757.mp3,deam excerpt 1757,train,-1,[],5.0,3.1,45.0
deam_1758,deam_unknown_1758,data/raw/deam/audio/1758.mp3,deam excerpt 1758,test,-1,[],5.4,3.0,45.0
deam_1759,deam_unknown_1759,data/raw/deam/audio/1759.mp3,deam excerpt 1759,train,-1,[],5.4,4.7,45.0
deam_1760,deam_unknown_1760,data/raw/deam/audio/1760.mp3,deam excerpt 1760,train,-1,[],4.3,4.1,45.0
deam_1761,deam_unknown_1761,data/raw/deam/audio/1761.mp3,deam excerpt 1761,train,-1,[],7.9,7.1,45.0
deam_1762,deam_unknown_1762,data/raw/deam/audio/1762.mp3,deam excerpt 1762,test,-1,[],6.1,5.4,45.0
deam_1763,deam_unknown_1763,data/raw/deam/audio/1763.mp3,deam excerpt 1763,val,-1,[],4.4,3.5,45.0
deam_1764,deam_unknown_1764,data/raw/deam/audio/1764.mp3,deam excerpt 1764,train,-1,[],4.9,4.0,45.0
deam_1765,deam_unknown_1765,data/raw/deam/audio/1765.mp3,deam excerpt 1765,train,-1,[],5.8,4.6,45.0
deam_1766,deam_unknown_1766,data/raw/deam/audio/1766.mp3,deam excerpt 1766,train,-1,[],3.7,3.0,45.0
deam_1767,deam_unknown_1767,data/raw/deam/audio/1767.mp3,deam excerpt 1767,train,-1,[],3.8,2.4,45.0
deam_1768,deam_unknown_1768,data/raw/deam/audio/1768.mp3,deam excerpt 1768,train,-1,[],4.1,3.1,45.0
deam_1769,deam_unknown_1769,data/raw/deam/audio/1769.mp3,deam excerpt 1769,val,-1,[],5.9,5.3,45.0
deam_1770,deam_unknown_1770,data/raw/deam/audio/1770.mp3,deam excerpt 1770,test,-1,[],4.5,2.9,45.0
deam_1771,deam_unknown_1771,data/raw/deam/audio/1771.mp3,deam excerpt 1771,val,-1,[],4.9,5.3,45.0
deam_1772,deam_unknown_1772,data/raw/deam/audio/1772.mp3,deam excerpt 1772,train,-1,[],5.6,4.3,45.0
deam_1773,deam_unknown_1773,data/raw/deam/audio/1773.mp3,deam excerpt 1773,test,-1,[],5.4,4.1,45.0
deam_1774,deam_unknown_1774,data/raw/deam/audio/1774.mp3,deam excerpt 1774,val,-1,[],4.9,4.8,45.0
deam_1775,deam_unknown_1775,data/raw/deam/audio/1775.mp3,deam excerpt 1775,train,-1,[],4.6,3.0,45.0
deam_1776,deam_unknown_1776,data/raw/deam/audio/1776.mp3,deam excerpt 1776,val,-1,[],4.8,3.8,45.0
deam_1777,deam_unknown_1777,data/raw/deam/audio/1777.mp3,deam excerpt 1777,train,-1,[],5.3,4.4,45.0
deam_1778,deam_unknown_1778,data/raw/deam/audio/1778.mp3,deam excerpt 1778,test,-1,[],4.4,3.2,45.0
deam_1779,deam_unknown_1779,data/raw/deam/audio/1779.mp3,deam excerpt 1779,train,-1,[],5.7,2.9,45.0
deam_1780,deam_unknown_1780,data/raw/deam/audio/1780.mp3,deam excerpt 1780,train,-1,[],4.8,3.5,45.0
deam_1781,deam_unknown_1781,data/raw/deam/audio/1781.mp3,deam excerpt 1781,train,-1,[],4.2,2.7,45.0
deam_1782,deam_unknown_1782,data/raw/deam/audio/1782.mp3,deam excerpt 1782,train,-1,[],4.7,5.2,45.0
deam_1783,deam_unknown_1783,data/raw/deam/audio/1783.mp3,deam excerpt 1783,train,-1,[],4.2,3.3,45.0
deam_1784,deam_unknown_1784,data/raw/deam/audio/1784.mp3,deam excerpt 1784,test,-1,[],5.5,5.1,45.0
deam_1785,deam_unknown_1785,data/raw/deam/audio/1785.mp3,deam excerpt 1785,train,-1,[],5.6,5.2,45.0
deam_1786,deam_unknown_1786,data/raw/deam/audio/1786.mp3,deam excerpt 1786,train,-1,[],4.2,3.1,45.0
deam_1787,deam_unknown_1787,data/raw/deam/audio/1787.mp3,deam excerpt 1787,train,-1,[],3.9,3.4,45.0
deam_1788,deam_unknown_1788,data/raw/deam/audio/1788.mp3,deam excerpt 1788,train,-1,[],3.6,6.0,45.0
deam_1789,deam_unknown_1789,data/raw/deam/audio/1789.mp3,deam excerpt 1789,val,-1,[],5.9,5.1,45.0
deam_1790,deam_unknown_1790,data/raw/deam/audio/1790.mp3,deam excerpt 1790,train,-1,[],3.8,3.3,45.0
deam_1791,deam_unknown_1791,data/raw/deam/audio/1791.mp3,deam excerpt 1791,val,-1,[],5.3,3.3,45.0
deam_1792,deam_unknown_1792,data/raw/deam/audio/1792.mp3,deam excerpt 1792,train,-1,[],6.1,5.1,45.0
deam_1793,deam_unknown_1793,data/raw/deam/audio/1793.mp3,deam excerpt 1793,train,-1,[],5.1,4.2,45.0
deam_1794,deam_unknown_1794,data/raw/deam/audio/1794.mp3,deam excerpt 1794,val,-1,[],4.2,3.7,45.0
deam_1795,deam_unknown_1795,data/raw/deam/audio/1795.mp3,deam excerpt 1795,val,-1,[],3.9,3.0,45.0
deam_1796,deam_unknown_1796,data/raw/deam/audio/1796.mp3,deam excerpt 1796,train,-1,[],5.8,6.0,45.0
deam_1797,deam_unknown_1797,data/raw/deam/audio/1797.mp3,deam excerpt 1797,train,-1,[],3.6,4.1,45.0
deam_1798,deam_unknown_1798,data/raw/deam/audio/1798.mp3,deam excerpt 1798,train,-1,[],5.7,4.0,45.0
deam_1799,deam_unknown_1799,data/raw/deam/audio/1799.mp3,deam excerpt 1799,train,-1,[],5.8,4.5,45.0
deam_1800,deam_unknown_1800,data/raw/deam/audio/1800.mp3,deam excerpt 1800,val,-1,[],3.4,2.6,45.0
deam_1801,deam_unknown_1801,data/raw/deam/audio/1801.mp3,deam excerpt 1801,test,-1,[],3.4,2.8,45.0
deam_1802,deam_unknown_1802,data/raw/deam/audio/1802.mp3,deam excerpt 1802,test,-1,[],5.7,6.6,45.0
deam_1803,deam_unknown_1803,data/raw/deam/audio/1803.mp3,deam excerpt 1803,train,-1,[],4.1,3.6,45.0
deam_1804,deam_unknown_1804,data/raw/deam/audio/1804.mp3,deam excerpt 1804,train,-1,[],5.7,5.9,45.0
deam_1805,deam_unknown_1805,data/raw/deam/audio/1805.mp3,deam excerpt 1805,train,-1,[],5.7,4.9,45.0
deam_1806,deam_unknown_1806,data/raw/deam/audio/1806.mp3,deam excerpt 1806,train,-1,[],6.5,6.2,45.0
deam_1807,deam_unknown_1807,data/raw/deam/audio/1807.mp3,deam excerpt 1807,train,-1,[],5.7,5.3,45.0
deam_1808,deam_unknown_1808,data/raw/deam/audio/1808.mp3,deam excerpt 1808,train,-1,[],5.4,5.3,45.0
deam_1809,deam_unknown_1809,data/raw/deam/audio/1809.mp3,deam excerpt 1809,test,-1,[],4.0,4.1,45.0
deam_1810,deam_unknown_1810,data/raw/deam/audio/1810.mp3,deam excerpt 1810,val,-1,[],4.1,4.0,45.0
deam_1811,deam_unknown_1811,data/raw/deam/audio/1811.mp3,deam excerpt 1811,train,-1,[],4.6,4.7,45.0
deam_1812,deam_unknown_1812,data/raw/deam/audio/1812.mp3,deam excerpt 1812,train,-1,[],5.0,5.0,45.0
deam_1813,deam_unknown_1813,data/raw/deam/audio/1813.mp3,deam excerpt 1813,test,-1,[],6.1,5.7,45.0
deam_1814,deam_unknown_1814,data/raw/deam/audio/1814.mp3,deam excerpt 1814,val,-1,[],6.0,5.8,45.0
deam_1815,deam_unknown_1815,data/raw/deam/audio/1815.mp3,deam excerpt 1815,train,-1,[],6.4,5.8,45.0
deam_1816,deam_unknown_1816,data/raw/deam/audio/1816.mp3,deam excerpt 1816,val,-1,[],5.0,4.5,45.0
deam_1817,deam_unknown_1817,data/raw/deam/audio/1817.mp3,deam excerpt 1817,train,-1,[],6.6,6.0,45.0
deam_1818,deam_unknown_1818,data/raw/deam/audio/1818.mp3,deam excerpt 1818,val,-1,[],4.3,3.2,45.0
deam_1819,deam_unknown_1819,data/raw/deam/audio/1819.mp3,deam excerpt 1819,val,-1,[],4.1,4.1,45.0
deam_1820,deam_unknown_1820,data/raw/deam/audio/1820.mp3,deam excerpt 1820,train,-1,[],4.5,4.4,45.0
deam_1821,deam_unknown_1821,data/raw/deam/audio/1821.mp3,deam excerpt 1821,val,-1,[],6.2,6.6,45.0
deam_1822,deam_unknown_1822,data/raw/deam/audio/1822.mp3,deam excerpt 1822,train,-1,[],4.7,3.5,45.0
deam_1823,deam_unknown_1823,data/raw/deam/audio/1823.mp3,deam excerpt 1823,train,-1,[],2.7,5.6,45.0
deam_1824,deam_unknown_1824,data/raw/deam/audio/1824.mp3,deam excerpt 1824,val,-1,[],6.2,5.7,45.0
deam_1825,deam_unknown_1825,data/raw/deam/audio/1825.mp3,deam excerpt 1825,val,-1,[],4.8,4.5,45.0
deam_1826,deam_unknown_1826,data/raw/deam/audio/1826.mp3,deam excerpt 1826,train,-1,[],5.1,3.7,45.0
deam_1827,deam_unknown_1827,data/raw/deam/audio/1827.mp3,deam excerpt 1827,train,-1,[],5.6,6.7,45.0
deam_1828,deam_unknown_1828,data/raw/deam/audio/1828.mp3,deam excerpt 1828,val,-1,[],5.8,6.6,45.0
deam_1829,deam_unknown_1829,data/raw/deam/audio/1829.mp3,deam excerpt 1829,test,-1,[],4.8,3.6,45.0
deam_1830,deam_unknown_1830,data/raw/deam/audio/1830.mp3,deam excerpt 1830,train,-1,[],5.7,5.3,45.0
deam_1831,deam_unknown_1831,data/raw/deam/audio/1831.mp3,deam excerpt 1831,train,-1,[],6.2,5.6,45.0
deam_1832,deam_unknown_1832,data/raw/deam/audio/1832.mp3,deam excerpt 1832,train,-1,[],5.7,5.2,45.0
deam_1833,deam_unknown_1833,data/raw/deam/audio/1833.mp3,deam excerpt 1833,train,-1,[],4.5,3.2,45.0
deam_1834,deam_unknown_1834,data/raw/deam/audio/1834.mp3,deam excerpt 1834,train,-1,[],6.3,5.7,45.0
deam_1835,deam_unknown_1835,data/raw/deam/audio/1835.mp3,deam excerpt 1835,test,-1,[],5.3,3.2,45.0
deam_1836,deam_unknown_1836,data/raw/deam/audio/1836.mp3,deam excerpt 1836,train,-1,[],5.6,4.6,45.0
deam_1837,deam_unknown_1837,data/raw/deam/audio/1837.mp3,deam excerpt 1837,train,-1,[],4.2,2.9,45.0
deam_1838,deam_unknown_1838,data/raw/deam/audio/1838.mp3,deam excerpt 1838,train,-1,[],4.6,5.0,45.0
deam_1839,deam_unknown_1839,data/raw/deam/audio/1839.mp3,deam excerpt 1839,train,-1,[],6.0,5.7,45.0
deam_1840,deam_unknown_1840,data/raw/deam/audio/1840.mp3,deam excerpt 1840,train,-1,[],4.8,5.4,45.0
deam_1841,deam_unknown_1841,data/raw/deam/audio/1841.mp3,deam excerpt 1841,val,-1,[],4.6,3.1,45.0
deam_1842,deam_unknown_1842,data/raw/deam/audio/1842.mp3,deam excerpt 1842,train,-1,[],5.8,6.3,45.0
deam_1843,deam_unknown_1843,data/raw/deam/audio/1843.mp3,deam excerpt 1843,train,-1,[],4.9,4.7,45.0
deam_1844,deam_unknown_1844,data/raw/deam/audio/1844.mp3,deam excerpt 1844,val,-1,[],6.1,5.5,45.0
deam_1845,deam_unknown_1845,data/raw/deam/audio/1845.mp3,deam excerpt 1845,train,-1,[],5.9,5.9,45.0
deam_1846,deam_unknown_1846,data/raw/deam/audio/1846.mp3,deam excerpt 1846,train,-1,[],5.8,5.8,45.0
deam_1847,deam_unknown_1847,data/raw/deam/audio/1847.mp3,deam excerpt 1847,train,-1,[],3.2,2.6,45.0
deam_1848,deam_unknown_1848,data/raw/deam/audio/1848.mp3,deam excerpt 1848,train,-1,[],5.5,5.0,45.0
deam_1849,deam_unknown_1849,data/raw/deam/audio/1849.mp3,deam excerpt 1849,test,-1,[],6.0,5.8,45.0
deam_1850,deam_unknown_1850,data/raw/deam/audio/1850.mp3,deam excerpt 1850,train,-1,[],3.7,2.7,45.0
deam_1851,deam_unknown_1851,data/raw/deam/audio/1851.mp3,deam excerpt 1851,test,-1,[],4.6,3.3,45.0
deam_1852,deam_unknown_1852,data/raw/deam/audio/1852.mp3,deam excerpt 1852,test,-1,[],4.1,4.7,45.0
deam_1853,deam_unknown_1853,data/raw/deam/audio/1853.mp3,deam excerpt 1853,train,-1,[],6.5,5.7,45.0
deam_1854,deam_unknown_1854,data/raw/deam/audio/1854.mp3,deam excerpt 1854,train,-1,[],5.2,4.5,45.0
deam_1855,deam_unknown_1855,data/raw/deam/audio/1855.mp3,deam excerpt 1855,train,-1,[],5.4,6.0,45.0
deam_1856,deam_unknown_1856,data/raw/deam/audio/1856.mp3,deam excerpt 1856,train,-1,[],6.1,6.7,45.0
deam_1857,deam_unknown_1857,data/raw/deam/audio/1857.mp3,deam excerpt 1857,test,-1,[],5.3,5.0,45.0
deam_1858,deam_unknown_1858,data/raw/deam/audio/1858.mp3,deam excerpt 1858,train,-1,[],5.2,5.6,45.0
deam_1859,deam_unknown_1859,data/raw/deam/audio/1859.mp3,deam excerpt 1859,train,-1,[],5.2,5.0,45.0
deam_1860,deam_unknown_1860,data/raw/deam/audio/1860.mp3,deam excerpt 1860,train,-1,[],3.7,3.5,45.0
deam_1861,deam_unknown_1861,data/raw/deam/audio/1861.mp3,deam excerpt 1861,train,-1,[],5.1,5.0,45.0
deam_1862,deam_unknown_1862,data/raw/deam/audio/1862.mp3,deam excerpt 1862,train,-1,[],5.1,4.9,45.0
deam_1863,deam_unknown_1863,data/raw/deam/audio/1863.mp3,deam excerpt 1863,train,-1,[],6.4,5.7,45.0
deam_1864,deam_unknown_1864,data/raw/deam/audio/1864.mp3,deam excerpt 1864,train,-1,[],6.1,7.4,45.0
deam_1865,deam_unknown_1865,data/raw/deam/audio/1865.mp3,deam excerpt 1865,train,-1,[],6.8,5.9,45.0
deam_1866,deam_unknown_1866,data/raw/deam/audio/1866.mp3,deam excerpt 1866,train,-1,[],4.8,4.5,45.0
deam_1867,deam_unknown_1867,data/raw/deam/audio/1867.mp3,deam excerpt 1867,train,-1,[],4.2,4.0,45.0
deam_1868,deam_unknown_1868,data/raw/deam/audio/1868.mp3,deam excerpt 1868,train,-1,[],5.8,5.0,45.0
deam_1869,deam_unknown_1869,data/raw/deam/audio/1869.mp3,deam excerpt 1869,train,-1,[],4.1,3.7,45.0
deam_1870,deam_unknown_1870,data/raw/deam/audio/1870.mp3,deam excerpt 1870,train,-1,[],5.4,5.6,45.0
deam_1871,deam_unknown_1871,data/raw/deam/audio/1871.mp3,deam excerpt 1871,val,-1,[],6.4,6.6,45.0
deam_1872,deam_unknown_1872,data/raw/deam/audio/1872.mp3,deam excerpt 1872,train,-1,[],4.5,4.2,45.0
deam_1873,deam_unknown_1873,data/raw/deam/audio/1873.mp3,deam excerpt 1873,test,-1,[],4.7,3.4,45.0
deam_1874,deam_unknown_1874,data/raw/deam/audio/1874.mp3,deam excerpt 1874,train,-1,[],5.0,6.3,45.0
deam_1875,deam_unknown_1875,data/raw/deam/audio/1875.mp3,deam excerpt 1875,test,-1,[],6.3,6.2,45.0
deam_1876,deam_unknown_1876,data/raw/deam/audio/1876.mp3,deam excerpt 1876,train,-1,[],6.3,5.0,45.0
deam_1877,deam_unknown_1877,data/raw/deam/audio/1877.mp3,deam excerpt 1877,test,-1,[],6.2,5.5,45.0
deam_1878,deam_unknown_1878,data/raw/deam/audio/1878.mp3,deam excerpt 1878,train,-1,[],6.7,6.3,45.0
deam_1879,deam_unknown_1879,data/raw/deam/audio/1879.mp3,deam excerpt 1879,train,-1,[],5.4,6.4,45.0
deam_1880,deam_unknown_1880,data/raw/deam/audio/1880.mp3,deam excerpt 1880,train,-1,[],5.4,3.2,45.0
deam_1881,deam_unknown_1881,data/raw/deam/audio/1881.mp3,deam excerpt 1881,train,-1,[],5.0,5.2,45.0
deam_1882,deam_unknown_1882,data/raw/deam/audio/1882.mp3,deam excerpt 1882,train,-1,[],5.5,6.2,45.0
deam_1883,deam_unknown_1883,data/raw/deam/audio/1883.mp3,deam excerpt 1883,train,-1,[],5.6,4.5,45.0
deam_1884,deam_unknown_1884,data/raw/deam/audio/1884.mp3,deam excerpt 1884,train,-1,[],6.5,5.6,45.0
deam_1885,deam_unknown_1885,data/raw/deam/audio/1885.mp3,deam excerpt 1885,test,-1,[],3.9,3.9,45.0
deam_1886,deam_unknown_1886,data/raw/deam/audio/1886.mp3,deam excerpt 1886,train,-1,[],4.1,3.0,45.0
deam_1887,deam_unknown_1887,data/raw/deam/audio/1887.mp3,deam excerpt 1887,val,-1,[],6.0,5.8,45.0
deam_1888,deam_unknown_1888,data/raw/deam/audio/1888.mp3,deam excerpt 1888,val,-1,[],3.4,3.2,45.0
deam_1889,deam_unknown_1889,data/raw/deam/audio/1889.mp3,deam excerpt 1889,train,-1,[],5.6,5.5,45.0
deam_1890,deam_unknown_1890,data/raw/deam/audio/1890.mp3,deam excerpt 1890,train,-1,[],6.0,5.8,45.0
deam_1891,deam_unknown_1891,data/raw/deam/audio/1891.mp3,deam excerpt 1891,train,-1,[],5.0,3.5,45.0
deam_1892,deam_unknown_1892,data/raw/deam/audio/1892.mp3,deam excerpt 1892,test,-1,[],5.1,6.1,45.0
deam_1893,deam_unknown_1893,data/raw/deam/audio/1893.mp3,deam excerpt 1893,train,-1,[],6.3,6.2,45.0
deam_1894,deam_unknown_1894,data/raw/deam/audio/1894.mp3,deam excerpt 1894,train,-1,[],4.8,4.8,45.0
deam_1895,deam_unknown_1895,data/raw/deam/audio/1895.mp3,deam excerpt 1895,train,-1,[],6.5,5.9,45.0
deam_1896,deam_unknown_1896,data/raw/deam/audio/1896.mp3,deam excerpt 1896,train,-1,[],4.9,2.1,45.0
deam_1897,deam_unknown_1897,data/raw/deam/audio/1897.mp3,deam excerpt 1897,train,-1,[],4.2,3.8,45.0
deam_1898,deam_unknown_1898,data/raw/deam/audio/1898.mp3,deam excerpt 1898,train,-1,[],5.1,4.2,45.0
deam_1899,deam_unknown_1899,data/raw/deam/audio/1899.mp3,deam excerpt 1899,test,-1,[],5.0,4.1,45.0
deam_1900,deam_unknown_1900,data/raw/deam/audio/1900.mp3,deam excerpt 1900,train,-1,[],6.5,6.7,45.0
deam_1901,deam_unknown_1901,data/raw/deam/audio/1901.mp3,deam excerpt 1901,train,-1,[],5.2,6.4,45.0
deam_1902,deam_unknown_1902,data/raw/deam/audio/1902.mp3,deam excerpt 1902,train,-1,[],4.4,7.3,45.0
deam_1903,deam_unknown_1903,data/raw/deam/audio/1903.mp3,deam excerpt 1903,train,-1,[],3.2,6.9,45.0
deam_1904,deam_unknown_1904,data/raw/deam/audio/1904.mp3,deam excerpt 1904,val,-1,[],4.1,3.4,45.0
deam_1905,deam_unknown_1905,data/raw/deam/audio/1905.mp3,deam excerpt 1905,train,-1,[],3.7,6.5,45.0
deam_1906,deam_unknown_1906,data/raw/deam/audio/1906.mp3,deam excerpt 1906,train,-1,[],4.4,6.2,45.0
deam_1907,deam_unknown_1907,data/raw/deam/audio/1907.mp3,deam excerpt 1907,train,-1,[],4.9,6.5,45.0
deam_1908,deam_unknown_1908,data/raw/deam/audio/1908.mp3,deam excerpt 1908,val,-1,[],5.2,5.1,45.0
deam_1909,deam_unknown_1909,data/raw/deam/audio/1909.mp3,deam excerpt 1909,train,-1,[],4.9,5.0,45.0
deam_1910,deam_unknown_1910,data/raw/deam/audio/1910.mp3,deam excerpt 1910,train,-1,[],3.8,3.3,45.0
deam_1911,deam_unknown_1911,data/raw/deam/audio/1911.mp3,deam excerpt 1911,train,-1,[],4.3,5.4,45.0
deam_1912,deam_unknown_1912,data/raw/deam/audio/1912.mp3,deam excerpt 1912,val,-1,[],5.4,5.5,45.0
deam_1913,deam_unknown_1913,data/raw/deam/audio/1913.mp3,deam excerpt 1913,train,-1,[],6.0,6.5,45.0
deam_1914,deam_unknown_1914,data/raw/deam/audio/1914.mp3,deam excerpt 1914,val,-1,[],5.3,6.3,45.0
deam_1915,deam_unknown_1915,data/raw/deam/audio/1915.mp3,deam excerpt 1915,train,-1,[],6.3,6.5,45.0
deam_1916,deam_unknown_1916,data/raw/deam/audio/1916.mp3,deam excerpt 1916,train,-1,[],5.4,6.3,45.0
deam_1917,deam_unknown_1917,data/raw/deam/audio/1917.mp3,deam excerpt 1917,val,-1,[],4.1,4.6,45.0
deam_1918,deam_unknown_1918,data/raw/deam/audio/1918.mp3,deam excerpt 1918,train,-1,[],3.4,4.6,45.0
deam_1919,deam_unknown_1919,data/raw/deam/audio/1919.mp3,deam excerpt 1919,train,-1,[],4.5,5.4,45.0
deam_1920,deam_unknown_1920,data/raw/deam/audio/1920.mp3,deam excerpt 1920,train,-1,[],5.7,6.4,45.0
deam_1921,deam_unknown_1921,data/raw/deam/audio/1921.mp3,deam excerpt 1921,train,-1,[],4.4,6.5,45.0
deam_1922,deam_unknown_1922,data/raw/deam/audio/1922.mp3,deam excerpt 1922,train,-1,[],5.6,5.8,45.0
deam_1923,deam_unknown_1923,data/raw/deam/audio/1923.mp3,deam excerpt 1923,val,-1,[],6.4,6.2,45.0
deam_1924,deam_unknown_1924,data/raw/deam/audio/1924.mp3,deam excerpt 1924,test,-1,[],5.3,5.7,45.0
deam_1925,deam_unknown_1925,data/raw/deam/audio/1925.mp3,deam excerpt 1925,val,-1,[],4.9,4.5,45.0
deam_1926,deam_unknown_1926,data/raw/deam/audio/1926.mp3,deam excerpt 1926,train,-1,[],5.2,6.1,45.0
deam_1927,deam_unknown_1927,data/raw/deam/audio/1927.mp3,deam excerpt 1927,val,-1,[],5.6,4.6,45.0
deam_1928,deam_unknown_1928,data/raw/deam/audio/1928.mp3,deam excerpt 1928,train,-1,[],3.7,5.6,45.0
deam_1929,deam_unknown_1929,data/raw/deam/audio/1929.mp3,deam excerpt 1929,train,-1,[],5.1,6.7,45.0
deam_1930,deam_unknown_1930,data/raw/deam/audio/1930.mp3,deam excerpt 1930,val,-1,[],4.6,4.0,45.0
deam_1931,deam_unknown_1931,data/raw/deam/audio/1931.mp3,deam excerpt 1931,train,-1,[],4.7,5.5,45.0
deam_1932,deam_unknown_1932,data/raw/deam/audio/1932.mp3,deam excerpt 1932,train,-1,[],4.8,6.0,45.0
deam_1933,deam_unknown_1933,data/raw/deam/audio/1933.mp3,deam excerpt 1933,val,-1,[],5.2,7.0,45.0
deam_1934,deam_unknown_1934,data/raw/deam/audio/1934.mp3,deam excerpt 1934,train,-1,[],5.8,3.8,45.0
deam_1935,deam_unknown_1935,data/raw/deam/audio/1935.mp3,deam excerpt 1935,val,-1,[],4.7,4.4,45.0
deam_1936,deam_unknown_1936,data/raw/deam/audio/1936.mp3,deam excerpt 1936,train,-1,[],2.9,3.0,45.0
deam_1937,deam_unknown_1937,data/raw/deam/audio/1937.mp3,deam excerpt 1937,train,-1,[],4.3,3.9,45.0
deam_1938,deam_unknown_1938,data/raw/deam/audio/1938.mp3,deam excerpt 1938,train,-1,[],5.6,7.0,45.0
deam_1939,deam_unknown_1939,data/raw/deam/audio/1939.mp3,deam excerpt 1939,train,-1,[],4.4,3.2,45.0
deam_1940,deam_unknown_1940,data/raw/deam/audio/1940.mp3,deam excerpt 1940,train,-1,[],5.1,5.6,45.0
deam_1941,deam_unknown_1941,data/raw/deam/audio/1941.mp3,deam excerpt 1941,train,-1,[],5.2,4.4,45.0
deam_1942,deam_unknown_1942,data/raw/deam/audio/1942.mp3,deam excerpt 1942,train,-1,[],6.4,6.8,45.0
deam_1943,deam_unknown_1943,data/raw/deam/audio/1943.mp3,deam excerpt 1943,test,-1,[],4.2,4.4,45.0
deam_1944,deam_unknown_1944,data/raw/deam/audio/1944.mp3,deam excerpt 1944,train,-1,[],6.1,5.1,45.0
deam_1945,deam_unknown_1945,data/raw/deam/audio/1945.mp3,deam excerpt 1945,train,-1,[],6.0,6.1,45.0
deam_1946,deam_unknown_1946,data/raw/deam/audio/1946.mp3,deam excerpt 1946,test,-1,[],4.0,6.0,45.0
deam_1947,deam_unknown_1947,data/raw/deam/audio/1947.mp3,deam excerpt 1947,test,-1,[],5.0,7.4,45.0
deam_1948,deam_unknown_1948,data/raw/deam/audio/1948.mp3,deam excerpt 1948,train,-1,[],4.0,6.7,45.0
deam_1949,deam_unknown_1949,data/raw/deam/audio/1949.mp3,deam excerpt 1949,train,-1,[],2.2,5.1,45.0
deam_1950,deam_unknown_1950,data/raw/deam/audio/1950.mp3,deam excerpt 1950,train,-1,[],3.8,3.4,45.0
deam_1951,deam_unknown_1951,data/raw/deam/audio/1951.mp3,deam excerpt 1951,train,-1,[],4.6,4.0,45.0
deam_1952,deam_unknown_1952,data/raw/deam/audio/1952.mp3,deam excerpt 1952,train,-1,[],4.1,4.4,45.0
deam_1953,deam_unknown_1953,data/raw/deam/audio/1953.mp3,deam excerpt 1953,train,-1,[],5.1,4.4,45.0
deam_1954,deam_unknown_1954,data/raw/deam/audio/1954.mp3,deam excerpt 1954,train,-1,[],6.7,5.7,45.0
deam_1955,deam_unknown_1955,data/raw/deam/audio/1955.mp3,deam excerpt 1955,val,-1,[],5.5,6.5,45.0
deam_1956,deam_unknown_1956,data/raw/deam/audio/1956.mp3,deam excerpt 1956,val,-1,[],5.4,5.9,45.0
deam_1957,deam_unknown_1957,data/raw/deam/audio/1957.mp3,deam excerpt 1957,test,-1,[],4.8,4.8,45.0
deam_1958,deam_unknown_1958,data/raw/deam/audio/1958.mp3,deam excerpt 1958,test,-1,[],4.8,5.1,45.0
deam_1959,deam_unknown_1959,data/raw/deam/audio/1959.mp3,deam excerpt 1959,train,-1,[],4.7,5.8,45.0
deam_1960,deam_unknown_1960,data/raw/deam/audio/1960.mp3,deam excerpt 1960,val,-1,[],4.5,6.7,45.0
deam_1961,deam_unknown_1961,data/raw/deam/audio/1961.mp3,deam excerpt 1961,train,-1,[],5.9,5.3,45.0
deam_1962,deam_unknown_1962,data/raw/deam/audio/1962.mp3,deam excerpt 1962,train,-1,[],4.4,5.0,45.0
deam_1963,deam_unknown_1963,data/raw/deam/audio/1963.mp3,deam excerpt 1963,test,-1,[],3.9,5.5,45.0
deam_1964,deam_unknown_1964,data/raw/deam/audio/1964.mp3,deam excerpt 1964,train,-1,[],3.6,6.7,45.0
deam_1965,deam_unknown_1965,data/raw/deam/audio/1965.mp3,deam excerpt 1965,train,-1,[],3.3,3.5,45.0
deam_1966,deam_unknown_1966,data/raw/deam/audio/1966.mp3,deam excerpt 1966,val,-1,[],3.6,5.0,45.0
deam_1967,deam_unknown_1967,data/raw/deam/audio/1967.mp3,deam excerpt 1967,train,-1,[],4.7,6.9,45.0
deam_1968,deam_unknown_1968,data/raw/deam/audio/1968.mp3,deam excerpt 1968,train,-1,[],4.6,6.18,45.0
deam_1969,deam_unknown_1969,data/raw/deam/audio/1969.mp3,deam excerpt 1969,train,-1,[],3.7,5.7,45.0
deam_1970,deam_unknown_1970,data/raw/deam/audio/1970.mp3,deam excerpt 1970,train,-1,[],5.9,7.1,45.0
deam_1971,deam_unknown_1971,data/raw/deam/audio/1971.mp3,deam excerpt 1971,val,-1,[],5.5,5.5,45.0
deam_1972,deam_unknown_1972,data/raw/deam/audio/1972.mp3,deam excerpt 1972,val,-1,[],6.0,5.9,45.0
deam_1973,deam_unknown_1973,data/raw/deam/audio/1973.mp3,deam excerpt 1973,train,-1,[],4.3,4.3,45.0
deam_1974,deam_unknown_1974,data/raw/deam/audio/1974.mp3,deam excerpt 1974,train,-1,[],3.4,4.7,45.0
deam_1975,deam_unknown_1975,data/raw/deam/audio/1975.mp3,deam excerpt 1975,train,-1,[],4.7,5.6,45.0
deam_1976,deam_unknown_1976,data/raw/deam/audio/1976.mp3,deam excerpt 1976,train,-1,[],4.9,5.4,45.0
deam_1977,deam_unknown_1977,data/raw/deam/audio/1977.mp3,deam excerpt 1977,train,-1,[],4.7,5.2,45.0
deam_1978,deam_unknown_1978,data/raw/deam/audio/1978.mp3,deam excerpt 1978,train,-1,[],6.5,6.5,45.0
deam_1979,deam_unknown_1979,data/raw/deam/audio/1979.mp3,deam excerpt 1979,train,-1,[],5.5,7.2,45.0
deam_1980,deam_unknown_1980,data/raw/deam/audio/1980.mp3,deam excerpt 1980,test,-1,[],5.5,5.4,45.0
deam_1981,deam_unknown_1981,data/raw/deam/audio/1981.mp3,deam excerpt 1981,train,-1,[],5.1,5.8,45.0
deam_1982,deam_unknown_1982,data/raw/deam/audio/1982.mp3,deam excerpt 1982,test,-1,[],4.5,4.5,45.0
deam_1983,deam_unknown_1983,data/raw/deam/audio/1983.mp3,deam excerpt 1983,train,-1,[],2.9,3.4,45.0
deam_1984,deam_unknown_1984,data/raw/deam/audio/1984.mp3,deam excerpt 1984,train,-1,[],3.7,2.9,45.0
deam_1985,deam_unknown_1985,data/raw/deam/audio/1985.mp3,deam excerpt 1985,train,-1,[],4.8,5.6,45.0
deam_1986,deam_unknown_1986,data/raw/deam/audio/1986.mp3,deam excerpt 1986,train,-1,[],4.0,5.1,45.0
deam_1987,deam_unknown_1987,data/raw/deam/audio/1987.mp3,deam excerpt 1987,test,-1,[],6.5,6.3,45.0
deam_1988,deam_unknown_1988,data/raw/deam/audio/1988.mp3,deam excerpt 1988,train,-1,[],5.5,5.8,45.0
deam_1989,deam_unknown_1989,data/raw/deam/audio/1989.mp3,deam excerpt 1989,test,-1,[],5.0,5.7,45.0
deam_1990,deam_unknown_1990,data/raw/deam/audio/1990.mp3,deam excerpt 1990,train,-1,[],4.2,4.1,45.0
deam_1991,deam_unknown_1991,data/raw/deam/audio/1991.mp3,deam excerpt 1991,train,-1,[],5.0,6.0,45.0
deam_1992,deam_unknown_1992,data/raw/deam/audio/1992.mp3,deam excerpt 1992,train,-1,[],4.9,6.8,45.0
deam_1993,deam_unknown_1993,data/raw/deam/audio/1993.mp3,deam excerpt 1993,train,-1,[],3.5,7.0,45.0
deam_1994,deam_unknown_1994,data/raw/deam/audio/1994.mp3,deam excerpt 1994,train,-1,[],3.8,3.5,45.0
deam_1995,deam_unknown_1995,data/raw/deam/audio/1995.mp3,deam excerpt 1995,train,-1,[],4.7,4.7,45.0
deam_1996,deam_unknown_1996,data/raw/deam/audio/1996.mp3,deam excerpt 1996,test,-1,[],3.9,5.9,45.0
deam_1997,deam_unknown_1997,data/raw/deam/audio/1997.mp3,deam excerpt 1997,test,-1,[],5.3,3.9,45.0
deam_1998,deam_unknown_1998,data/raw/deam/audio/1998.mp3,deam excerpt 1998,test,-1,[],6.4,6.2,45.0
deam_1999,deam_unknown_1999,data/raw/deam/audio/1999.mp3,deam excerpt 1999,train,-1,[],4.6,5.4,45.0
deam_2000,deam_unknown_2000,data/raw/deam/audio/2000.mp3,deam excerpt 2000,train,-1,[],5.8,6.0,45.0
deam_2001,deam_unknown_2001,data/raw/deam/audio/2001.mp3,deam excerpt 2001,train,-1,[],3.2,6.6,45.0
deam_2002,deam_unknown_2002,data/raw/deam/audio/2002.mp3,deam excerpt 2002,test,-1,[],6.4,5.2,45.0
deam_2003,deam_unknown_2003,data/raw/deam/audio/2003.mp3,deam excerpt 2003,val,-1,[],5.4,4.6,45.0
deam_2004,deam_unknown_2004,data/raw/deam/audio/2004.mp3,deam excerpt 2004,train,-1,[],5.0,4.8,45.0
deam_2005,deam_unknown_2005,data/raw/deam/audio/2005.mp3,deam excerpt 2005,train,-1,[],3.8,5.2,45.0
deam_2006,gentle,data/raw/deam/audio/2006.mp3,check later by gentle. genre: downtempo.,train,-1,[],5.0,3.2,45.0
deam_2007,glass_candy,data/raw/deam/audio/2007.mp3,SMOKING HOT by Glass Candy. genre: electro-disco.,train,-1,[],3.4,4.4,45.0
deam_2008,deam_unknown_2008,data/raw/deam/audio/2008.mp3,deam excerpt 2008,train,-1,[],5.6,3.6,45.0
deam_2009,deam_unknown_2009,data/raw/deam/audio/2009.mp3,deam excerpt 2009,train,-1,[],5.2,4.2,45.0
deam_2010,deam_unknown_2010,data/raw/deam/audio/2010.mp3,deam excerpt 2010,val,-1,[],6.0,4.8,45.0
deam_2011,deam_unknown_2011,data/raw/deam/audio/2011.mp3,deam excerpt 2011,train,-1,[],4.2,5.0,45.0
deam_2012,deam_unknown_2012,data/raw/deam/audio/2012.mp3,deam excerpt 2012,train,-1,[],3.17,5.17,45.0
deam_2013,deam_unknown_2013,data/raw/deam/audio/2013.mp3,deam excerpt 2013,train,-1,[],5.4,5.6,45.0
deam_2014,deam_unknown_2014,data/raw/deam/audio/2014.mp3,deam excerpt 2014,test,-1,[],3.0,6.6,45.0
deam_2015,deam_unknown_2015,data/raw/deam/audio/2015.mp3,deam excerpt 2015,train,-1,[],6.6,5.4,45.0
deam_2016,deam_unknown_2016,data/raw/deam/audio/2016.mp3,deam excerpt 2016,train,-1,[],7.2,5.6,45.0
deam_2017,deam_unknown_2017,data/raw/deam/audio/2017.mp3,deam excerpt 2017,train,-1,[],6.67,6.5,45.0
deam_2018,deam_unknown_2018,data/raw/deam/audio/2018.mp3,deam excerpt 2018,train,-1,[],6.5,6.33,45.0
deam_2019,deam_unknown_2019,data/raw/deam/audio/2019.mp3,deam excerpt 2019,train,-1,[],6.8,6.8,45.0
deam_2020,deam_unknown_2020,data/raw/deam/audio/2020.mp3,deam excerpt 2020,train,-1,[],6.8,5.8,45.0
deam_2021,deam_unknown_2021,data/raw/deam/audio/2021.mp3,deam excerpt 2021,val,-1,[],4.2,4.4,45.0
deam_2022,deam_unknown_2022,data/raw/deam/audio/2022.mp3,deam excerpt 2022,train,-1,[],3.8,4.4,45.0
deam_2023,deam_unknown_2023,data/raw/deam/audio/2023.mp3,deam excerpt 2023,train,-1,[],5.6,3.0,45.0
deam_2024,deam_unknown_2024,data/raw/deam/audio/2024.mp3,deam excerpt 2024,train,-1,[],6.4,4.4,45.0
deam_2025,deam_unknown_2025,data/raw/deam/audio/2025.mp3,deam excerpt 2025,val,-1,[],6.0,4.8,45.0
deam_2026,deam_unknown_2026,data/raw/deam/audio/2026.mp3,deam excerpt 2026,train,-1,[],5.6,4.0,45.0
deam_2027,deam_unknown_2027,data/raw/deam/audio/2027.mp3,deam excerpt 2027,val,-1,[],5.8,5.4,45.0
deam_2028,deam_unknown_2028,data/raw/deam/audio/2028.mp3,deam excerpt 2028,train,-1,[],3.4,6.2,45.0
deam_2029,deam_unknown_2029,data/raw/deam/audio/2029.mp3,deam excerpt 2029,val,-1,[],4.17,4.0,45.0
deam_2030,deam_unknown_2030,data/raw/deam/audio/2030.mp3,deam excerpt 2030,train,-1,[],4.2,6.2,45.0
deam_2031,deam_unknown_2031,data/raw/deam/audio/2031.mp3,deam excerpt 2031,train,-1,[],4.6,3.4,45.0
deam_2032,deam_unknown_2032,data/raw/deam/audio/2032.mp3,deam excerpt 2032,test,-1,[],5.2,4.4,45.0
deam_2033,deam_unknown_2033,data/raw/deam/audio/2033.mp3,deam excerpt 2033,train,-1,[],3.17,6.83,45.0
deam_2034,deam_unknown_2034,data/raw/deam/audio/2034.mp3,deam excerpt 2034,train,-1,[],6.2,4.6,45.0
deam_2035,deam_unknown_2035,data/raw/deam/audio/2035.mp3,deam excerpt 2035,val,-1,[],3.4,4.6,45.0
deam_2036,deam_unknown_2036,data/raw/deam/audio/2036.mp3,deam excerpt 2036,val,-1,[],3.83,4.67,45.0
deam_2037,deam_unknown_2037,data/raw/deam/audio/2037.mp3,deam excerpt 2037,train,-1,[],6.4,4.4,45.0
deam_2038,deam_unknown_2038,data/raw/deam/audio/2038.mp3,deam excerpt 2038,test,-1,[],4.0,3.8,45.0
deam_2039,deam_unknown_2039,data/raw/deam/audio/2039.mp3,deam excerpt 2039,train,-1,[],5.4,4.6,45.0
deam_2040,deam_unknown_2040,data/raw/deam/audio/2040.mp3,deam excerpt 2040,train,-1,[],3.6,7.0,45.0
deam_2041,deam_unknown_2041,data/raw/deam/audio/2041.mp3,deam excerpt 2041,train,-1,[],4.4,3.0,45.0
deam_2042,deam_unknown_2042,data/raw/deam/audio/2042.mp3,deam excerpt 2042,val,-1,[],4.8,4.6,45.0
deam_2043,deam_unknown_2043,data/raw/deam/audio/2043.mp3,deam excerpt 2043,test,-1,[],5.6,4.4,45.0
deam_2044,deam_unknown_2044,data/raw/deam/audio/2044.mp3,deam excerpt 2044,train,-1,[],6.4,5.2,45.0
deam_2045,deam_unknown_2045,data/raw/deam/audio/2045.mp3,deam excerpt 2045,val,-1,[],4.8,3.2,45.0
deam_2046,deam_unknown_2046,data/raw/deam/audio/2046.mp3,deam excerpt 2046,train,-1,[],5.5,5.17,45.0
deam_2047,deam_unknown_2047,data/raw/deam/audio/2047.mp3,deam excerpt 2047,train,-1,[],6.2,5.0,45.0
deam_2048,deam_unknown_2048,data/raw/deam/audio/2048.mp3,deam excerpt 2048,test,-1,[],6.2,3.6,45.0
deam_2049,deam_unknown_2049,data/raw/deam/audio/2049.mp3,deam excerpt 2049,test,-1,[],4.4,3.8,45.0
deam_2050,deam_unknown_2050,data/raw/deam/audio/2050.mp3,deam excerpt 2050,train,-1,[],4.4,3.6,45.0
deam_2051,deam_unknown_2051,data/raw/deam/audio/2051.mp3,deam excerpt 2051,train,-1,[],3.2,4.6,45.0
deam_2052,deam_unknown_2052,data/raw/deam/audio/2052.mp3,deam excerpt 2052,test,-1,[],3.2,5.2,45.0
deam_2053,deam_unknown_2053,data/raw/deam/audio/2053.mp3,deam excerpt 2053,val,-1,[],3.8,3.8,45.0
deam_2054,deam_unknown_2054,data/raw/deam/audio/2054.mp3,deam excerpt 2054,train,-1,[],5.4,3.6,45.0
deam_2055,deam_unknown_2055,data/raw/deam/audio/2055.mp3,deam excerpt 2055,train,-1,[],5.0,5.2,45.0
deam_2056,deam_unknown_2056,data/raw/deam/audio/2056.mp3,deam excerpt 2056,train,-1,[],5.0,4.6,45.0
deam_2057,deam_unknown_2057,data/raw/deam/audio/2057.mp3,deam excerpt 2057,val,-1,[],3.17,6.83,45.0
deam_2058,deam_unknown_2058,data/raw/deam/audio/2058.mp3,deam excerpt 2058,train,-1,[],3.8,5.8,45.0
